Song,id,acousticness,danceability,duration_ms,energy,instrumentalness,key,liveness,loudness,speechiness,tempo,valence,ratings
Gone My Way - KhoMha Remix,08Hghm2hJpCxJux9YuhCG0,0.00129,0.547,168750,0.895,0.107,5,0.288,-7.081,0.0683,128.022,0.0353,0
The Discovery,5NKK0t7lYlyDsT5auDYKmq,0.827,0.414,193000,0.127,0.822,0,0.0919,-22.097,0.0383,130.021,0.0354,0
Waiting like the Storm,1CIIzFfELXMwLyKaGdpTul,0.946,0.162,257625,0.0564,0.889,5,0.101,-20.696,0.0341,60.01,0.0361,0
Limitless,5QGNwI8U3o9mQg7RR3yOPj,0.404,0.238,165685,0.191,0.888,7,0.107,-20.242,0.0351,140.282,0.0365,0
Cleansing,6u1ymcw9MTK9mPGy8XdvEb,0.956,0.18,304217,0.0754,0.926,9,0.11,-26.645,0.0346,71.675,0.0366,0
Son of a Lady,1mc5ECVjhFQUMzdsvX9gwf,0.895,0.272,225233,0.337,0.713,9,0.0764,-13.724,0.0338,93.64,0.0374,0
Willet,6UesrqZXshkMjY07kVnlkU,0.967,0.425,179610,0.168,0.818,0,0.16,-14.064,0.0322,90.076,0.0376,0
Wild Trails,2urxHALnoeVxG82o57q0ny,0.742,0.213,218501,0.233,0.881,4,0.149,-14.347,0.0289,94.94,0.0378,0
This Reminds You - Satie Remix,7sJm369JitaQLnkymEMe7f,0.87,0.258,321146,0.0589,0.898,5,0.148,-23.782,0.0381,98.874,0.0378,0
Light Year,1C2JiKNMjv8FaZlrgwObBJ,0.99,0.301,234000,0.189,0.893,9,0.106,-16.072,0.0351,139.894,0.0379,0
Whitehaven,2WuNoTD5hLhu1yVgMarTFq,0.983,0.498,219000,0.18,0.928,4,0.0924,-19.819,0.0426,77.407,0.038,0
Balloon,6a9DN96EWRc56Lwl5YD7KL,0.987,0.408,143212,0.00518,0.929,5,0.12,-29.142,0.0355,72.291,0.0381,0
It's My Fault,3QP17SZh39ZVczQnopq9BE,0.815,0.647,195986,0.235,1.78E-05,8,0.233,-10.123,0.0389,129.85,0.0382,0
Path to Serenity,6FI69Qkt6C2yBTVLC8zq34,0.961,0.134,214277,0.0601,0.869,7,0.109,-19.866,0.0352,73.855,0.0388,0
Water Lillies,1sVIrkPZob1Ul6aIqy8n8z,0.848,0.234,228000,0.226,0.942,0,0.111,-15.991,0.0368,139.921,0.0388,0
London Thunder,4gkoh2vAD57fGEITzteaUh,0.641,0.489,254426,0.357,0.333,6,0.0838,-9.745,0.0259,92.009,0.0388,0
I Don't Trust That Bird of Prey,33gVbwdqw7aRX0Y2zM7qm3,0.605,0.52,210500,0.305,0.899,7,0.16,-14.38,0.0322,120.109,0.0389,0
Play The Ghost,0nL2bTth1UVQHWDDumMm3f,0.911,0.118,301291,0.0567,0.879,11,0.106,-19.274,0.0427,83.721,0.0391,0
Like We Do,1Qf07UNBIu1XolBnl7XTi8,0.0125,0.614,161992,0.96,0.687,2,0.366,-5.081,0.0465,128.019,0.0392,0
Klangfall - Piano Version,4pWowM3xMkRYgHsIJDf61f,0.993,0.394,353007,0.0807,0.944,0,0.0964,-25.987,0.0318,124.904,0.0394,0
Eden - Hunted Version,5zfsg3FNA03fCUZzW2a9Fr,0.965,0.158,257815,0.0963,0.105,0,0.0752,-18.225,0.0398,71.012,0.0395,0
Adagio For Strings,1RvDsjCBDTES3lPiEGNNMY,0.000877,0.349,197189,0.793,0.431,10,0.22,-6.748,0.0677,127.139,0.0398,0
Revitalize,1sPC2IR2UwzYUrItFRE1H3,0.95,0.597,198545,0.327,0.96,9,0.0966,-15.743,0.0342,109.99,0.0399,0
the frost,7l4b5JYnl1WwUfvJgKmUwr,0.956,0.259,254440,0.259,0.942,3,0.0923,-18.89,0.0594,123.693,0.0403,0
Mercy - Live,4BntWROKZB5E0Y0K3LoHSQ,0.916,0.211,326146,0.0838,0.41,10,0.102,-20.882,0.0398,90.249,0.0404,0
Glaciers,2No1A7ZuMaBGxz45jmA9Gw,0.733,0.0789,176373,0.16,0.786,7,0.0943,-18.144,0.0362,56.449,0.0409,0
Prelude 6 - Pt. 1,2R7BzSG2pPB99uJbU3lLmK,0.992,0.134,161266,0.0407,0.794,10,0.117,-31.537,0.0426,217.95,0.043,0
Den inre skogen,0Zl6KnmirT1PeGZvAZY9T1,0.924,0.532,229657,0.382,0.61,9,0.134,-17.683,0.0543,127.038,0.0455,0
The Dreamer,3XnQ3OqmfvP5Sh6gACEKnG,0.983,0.235,178148,0.0363,0.92,0,0.0823,-18.9,0.0335,160.704,0.0481,0
Kaolnite,4fItBSHKBcgKWixN1Idie5,0.622,0.247,180689,0.231,0.87,1,0.0878,-19.639,0.0328,174.014,0.0485,0
Adrift,3TNNGjgOQ7O8vwAlvlD9Fg,0.497,0.382,158117,0.333,0.918,7,0.106,-15.573,0.0367,84.974,0.0486,0
Kangaroo (Remastered),1HdIqEOl9MxoJNsz33VOvW,0.768,0.19,209093,0.167,0.164,3,0.126,-11.298,0.0291,169.636,0.0491,0
Cold Arms,7kpZ9isu48poYKpaAb0wiR,0.815,0.431,169906,0.144,1.10E-06,11,0.124,-12.07,0.039,137.683,0.0491,0
Morning Shimmer,24PDuLZfLOKtAgh4axr36e,0.58,0.449,218880,0.163,0.908,11,0.114,-16.409,0.0361,125.088,0.0501,0
Focus,3DZ7DFolE5U2xEGIzFjeGo,0.238,0.273,190526,0.161,0.481,4,0.133,-17.727,0.053,113.89,0.0503,0
Clear Skies,7bKMZYXVYzGMvnHiRDCmjy,0.94,0.421,162085,0.136,0.89,11,0.113,-23.521,0.0305,110.036,0.0505,0
City Lights,5OxyHotdy7y789r3UQcHAB,0.983,0.341,226266,0.0582,0.924,8,0.097,-23.103,0.0472,83.05,0.0514,0
No Time To Die,73SpzrcaHk0RQPFP73vqVR,0.917,0.38,242265,0.219,0.0104,4,0.0827,-13.273,0.0358,73.537,0.0517,0
Wave of Mutilation,1BEljQOZPNNjsC3nfIAHxS,0.842,0.481,149635,0.229,0.00205,6,0.105,-13.5,0.0342,92.014,0.0525,0
Hypnagogia Well,2jpL7mFOMzRnbaSj790BfQ,0.771,0.545,222000,0.253,0.922,2,0.108,-17.953,0.033,115.848,0.0529,0
Intermezzo No. 1 in E Minor,1HTYYXCKpMWiHRd7qIb6ui,0.995,0.31,174013,0.0987,0.86,4,0.714,-25.408,0.0444,106.205,0.0558,0
Event Horizon,7lSHfDPdyGdRyG234h5ToK,0.0665,0.464,310666,0.38,0.898,7,0.114,-8.052,0.0279,100.006,0.0558,0
Collapse Into Light,3jP962JoLAn9p4wCDdx4My,0.933,0.305,179500,0.229,0.904,1,0.104,-18.329,0.0334,121.599,0.0562,0
Mil Sonidos,11oVQ68B4PnVQHIY6svpXg,0.958,0.221,192000,0.183,0.821,6,0.102,-17.59,0.0362,117.321,0.057,0
Bloodbuzz Ohio,2pfkaHd8arhESSxyJAou6g,0.715,0.441,279967,0.268,1.49E-06,6,0.11,-8.173,0.0308,140.073,0.057,0
Jupiter 4,64BirkPW9F4XgzoLAiOBCP,0.0168,0.475,314080,0.498,0.492,10,0.137,-10.609,0.0303,88.882,0.0592,0
Falling,1ZMiCix7XSAbfAJlEZWMCp,0.839,0.567,240133,0.267,1.46E-06,4,0.089,-6.502,0.0299,110.011,0.0592,0
River,2mXnsGgq0K4qfcYmw0rccK,0.73,0.304,276960,0.317,0.00519,11,0.118,-10.52,0.0285,147.83,0.0596,0
Tomorrow,6TcYEIp0uV6lxkmt4FCqf5,0.964,0.325,208520,0.0809,0.839,5,0.118,-24.493,0.0527,178.307,0.0604,0
You Were Bored,5BIWF6L3DnPkcuEuZmLHDz,0.781,0.291,263080,0.419,0.00433,6,0.113,-10.33,0.0305,114.935,0.0613,0
Rebuscano,55VX26X342cWBM7akigws7,0.99,0.416,173319,0.0322,0.929,2,0.101,-29.145,0.0451,120.321,0.0614,0
"Gottes Zeit ist die allerbeste Zeit, BWV 106: 2a. Gottes Zeit, ist die allerbeste Zeit (Arr. For Piano Four Hands by György Kurtág)",7ANhXB1OJBaTb7kDoAJRLq,0.995,0.566,159866,0.00792,0.909,3,0.0874,-34.484,0.0445,61.167,0.0621,0
Out of the Deep,6HrPFcVFz9wTBqqIrpJ8iB,0.992,0.2,193207,0.0212,0.903,0,0.0929,-32.285,0.0499,74.852,0.0631,0
Presence,02QoKc20zzH9A8mf25NfPq,0.966,0.616,125500,0.292,0.927,2,0.0955,-16.837,0.0423,127.008,0.0633,0
Solitude,21UkknmSYISvDaQbaMIOgq,0.995,0.342,225829,0.0311,0.92,9,0.131,-26.999,0.0355,97.622,0.0634,0
Panoramic Feelings (Piano Version),3hxqWxFfmbIYcrV0e7wSyL,0.991,0.25,230284,0.00846,0.896,8,0.0853,-24.348,0.0373,78.552,0.0638,0
Conversation,4THgqBGsTYJcNcQWCV92AP,0.901,0.242,229560,0.137,0.0105,2,0.167,-16.332,0.0322,92.454,0.0644,0
Monumental,6CKu6K0xvozAgFlQq44Z56,0.916,0.491,195057,0.217,0.962,4,0.177,-6.805,0.0521,99.97,0.0647,0
Day 5: For Carol,3JjeC1epY5y2Jysxn5FVCB,0.765,0.485,394862,0.497,0.886,2,0.132,-10.022,0.0308,100.857,0.065,0
Auburn Sky,42BtxDRqFTbE6Jb6rd9QOZ,0.906,0.265,162829,0.035,0.89,4,0.0932,-26.502,0.0359,132.972,0.0651,0
Wait For Me,6laq4MxNrh2ZKZGLhB7G0V,0.00987,0.465,217142,0.739,1.88E-06,10,0.373,-7.786,0.0648,125.994,0.0652,0
Make Believe,56oqWZUaA8ZmHQCH3lCRI3,0.03,0.587,194531,0.882,0.116,0,0.195,-5.838,0.0427,127.97,0.0653,0
What Should Have Been,0joCizO7Hg4JxL3o9mRAKA,0.994,0.322,152157,0.149,0.92,2,0.122,-17.948,0.0515,114.695,0.0655,0
Water Colors,7rpGOF9MwCP2Oaz9yDO452,0.633,0.465,182079,0.12,0.937,7,0.085,-19.328,0.0386,72.021,0.0659,0
Empty Street at Night,6CY6TBcuh13KEk34pMnZA8,0.903,0.211,307000,0.0147,0.935,2,0.342,-22.964,0.0456,169.899,0.0667,0
Schloss,07EmFV0AOKNsbtNonzmMJj,0.968,0.438,222093,0.073,0.755,1,0.0935,-21.944,0.0411,79.973,0.0668,0
Lost,7nC2EOpMnpDT2DkvniimSm,0.972,0.389,161520,0.1,0.934,10,0.113,-22.464,0.0358,133.839,0.0676,0
What You Love You Must Love Now,3L0fPX8biELkH57fF3Exkd,0.367,0.256,322160,0.456,0.881,4,0.119,-10.865,0.0306,70.357,0.0682,0
0 Wilderness,44Co96UhNfnq258r2VybLE,0.886,0.186,231723,0.271,0.961,7,0.141,-17.149,0.0449,115.896,0.0684,0
Tiptoeing,28nLvoHu6NbkHNPmoxR8uD,0.986,0.467,120536,0.137,0.928,0,0.101,-23.087,0.043,118.715,0.0687,0
Takeoff,4iKSrwTBu0vLSqmZUXSGXr,0.625,0.44,194666,0.32,0.886,4,0.0823,-12.011,0.0323,180.036,0.0694,0
On Another Ocean (January / June),2fgMzSoDaPrU4EYsrkAwVn,0.155,0.284,263373,0.523,0.0934,7,0.0933,-6.512,0.0285,100.597,0.0697,0
mellow,1yJXNOEP2bq1N1691n37oS,0.985,0.609,144434,0.157,0.792,0,0.112,-15.792,0.0322,111.966,0.0698,0
Fête sous les étoiles,55ux9bDGw3qTVfad3PxSTq,0.994,0.312,184000,0.00811,0.961,1,0.1,-30.381,0.0389,115.486,0.0703,0
Tuesday,2GuchYit1FmdtXTxl6SbUE,0.99,0.323,191293,0.0214,0.902,4,0.0891,-30.328,0.0384,104.033,0.0703,0
Dew Drops,0NnFglDnuZH6qKuvhZpB0r,0.939,0.27,335636,0.0384,0.936,11,0.1,-24.513,0.0361,59.81,0.0708,0
I dine øjne,07htwTiSZVnQfdl38siCIn,0.762,0.67,297249,0.417,0.0214,8,0.104,-12.553,0.0404,121.13,0.0708,0
Halfway There (feat. Lena Leon),3EKKIR8be1kfAAwaz1fzyS,0.000753,0.59,195000,0.888,0.00535,0,0.817,-4.151,0.0797,128.025,0.0715,0
Desire Lines,63JP68VirmCXtWRoMTX8Xi,0.000169,0.379,459506,0.652,0.0043,9,0.077,-5.406,0.0325,121.035,0.0724,0
Tu Vois,5ewE85NIsYxn02MhetYKqs,0.995,0.351,495880,0.0077,0.919,9,0.0803,-23.17,0.0543,75.742,0.0728,0
To Build A Home,54KFQB6N4pn926IUUYZGzK,0.885,0.264,371320,0.122,0.349,9,0.094,-15.399,0.0349,148.658,0.0735,0
Raven's Feather - Piano Solo,7sBlA4bK7gpf2H42K6Y0H3,0.988,0.594,256259,0.0624,0.928,10,0.109,-19.409,0.0472,123.999,0.0738,0
De Fléche,5vymVJ2WUlLnMeQqrgwQx8,0.668,0.435,233062,0.333,0.834,8,0.084,-15.885,0.0308,90.902,0.074,0
Reality,3sqyZAk7dUY3U4ApoJcRzJ,0.000934,0.651,213750,0.836,0.932,6,0.112,-6.154,0.0588,127.986,0.0741,0
Bad Kingdom,7vCuaxRIKElwgjSAo5REkw,0.934,0.401,193220,0.199,0.0064,9,0.112,-14.409,0.0355,118.351,0.0744,0
Flying by Candlelight (ABGT300) - Above & Beyond Club Mix,0TEW7oRDKD2mjJQH507ni4,0.000312,0.532,364743,0.664,0.0427,1,0.303,-9.804,0.0603,128.973,0.075,0
Used to Be,0p44zFo2S1c50vmx0B7mPF,0.989,0.201,265641,0.0394,0.839,10,0.0881,-21.798,0.0334,73.742,0.0754,0
Crossing,08Q4GyxnB8ak1ZwHnjwova,0.935,0.542,153103,0.189,0.91,0,0.0932,-16.57,0.0398,116,0.0755,0
People Are Strange - Festival Mix,5b61rcrjF6JG7yq0RRaOLh,0.00222,0.636,195468,0.912,0.0269,11,0.598,-5.671,0.091,127.963,0.0765,0
Surrender,0ecC8p17cDNlxHXkuYqeR6,0.8,0.39,183103,0.448,0.182,5,0.107,-8.57,0.0276,144.89,0.077,0
Drifting,157kvk58Qr04AiuDv2aQWd,0.71,0.616,194571,0.202,0.678,11,0.0871,-14.144,0.0383,139.857,0.0773,0
Yam Yam,1j56M8iOGH48yuKqj64qGK,0.319,0.445,216038,0.591,0.766,7,0.107,-9.004,0.0316,137.864,0.0774,0
Some Kind Of Love,0vicQm86o7GnT42GdG34sA,0.713,0.246,278093,0.482,0.226,8,0.102,-9.949,0.0359,141.863,0.0776,0
"Song to the Siren - Recorded at Strongroom Studios, London",0hx6wJdPlMpT254F9UYQNu,0.963,0.371,211159,0.15,0,2,0.124,-11.116,0.0294,68.774,0.0785,0
The Five Times I Loved You,0W4RUo3m0jL0wHADS0PLme,0.988,0.41,205695,0.0845,0.93,4,0.109,-21.814,0.0327,92.033,0.0795,0
Misty Mornings,5FXnCOAkMUAf4QIS56MRQL,0.981,0.522,225700,0.0781,0.927,10,0.361,-24.89,0.0424,107.038,0.0796,0
Malibu,3RlwtjeKhemCfiPvwMFozS,0.977,0.435,150405,0.154,0.85,6,0.0728,-21.451,0.0367,148.1,0.0799,0
you broke me first,45bE4HXI0AwGZXfZtMp8JR,0.786,0.642,169265,0.374,0,4,0.0906,-9.386,0.0545,124.099,0.0799,0
æfre,2irbT1BSYaIEF44PlyKaoM,0.994,0.377,186331,0.0156,0.881,0,0.0991,-28.435,0.0397,140.179,0.0804,0
Goya,2bo6ZMPnFkWCd0VRTMwbcs,0.994,0.365,235813,0.00656,0.888,8,0.119,-21.678,0.0427,68.17,0.0809,0
The Night We Met - Rework,6lUDMNgZEaXVprnVgoprfT,0.992,0.506,177322,0.0434,0.866,9,0.123,-19.948,0.0442,110.723,0.0823,0
Waiting,7eClkLWbrr3TorYedzaDkI,0.975,0.236,184320,0.33,0.126,8,0.116,-10.085,0.0325,86.546,0.0827,0
Placidity,1XtkmIXg2o5SqOrNI8Szvk,0.474,0.261,165268,0.25,0.893,7,0.0882,-18.526,0.0339,153.045,0.0827,0
Stay Still,12nlJypOUmAV4VQxFvfAw1,0.987,0.382,283506,0.0305,0.783,11,0.0921,-26.271,0.0574,72.398,0.0835,0
Floating Sunbeams,7hJZMJqFRlypzSlxC7Kn8n,0.98,0.205,159292,0.202,0.85,1,0.128,-15.952,0.0427,113.057,0.086,0
To The Hilt,41bqxcnDRcYsBJnJKtPCdp,0.948,0.327,276746,0.101,0,8,0.0945,-13.949,0.0525,171.734,0.0866,0
Open Skies,5bATh5zpKb6uauocsl0XRM,0.00104,0.56,154863,0.559,0.812,0,0.123,-7.807,0.0274,133.044,0.0869,0
Unmade,4rXDPFpzMyUIdEpNWiwzYV,0.974,0.186,267454,0.3,0.924,9,0.0672,-12.141,0.0368,96.563,0.0877,0
3ness,2aoxz8c3bHyDrZBhTKnTXh,0.991,0.35,453804,0.0706,0.931,5,0.1,-24.271,0.0441,102.507,0.0877,0
Curious Morning,5lZyYNi8OfFWKiX1p9zDQP,0.969,0.391,182222,0.231,0.954,3,0.116,-17,0.0363,107.981,0.0882,0
alpha waves,5ZCW5CDwhfXJGL2MzxGwhx,0.795,0.561,205127,0.314,0.876,4,0.115,-16.989,0.0281,95.931,0.0883,0
In This Moment,7FORBAxm1qwuwbYo7Rtz42,0.771,0.479,158666,0.221,0.856,6,0.101,-19.689,0.0325,115.965,0.089,0
Montana,1EyctTkkGJVS3UYTuy8YZM,0.913,0.435,133645,0.0595,0.882,2,0.104,-17.456,0.0435,115.929,0.0898,0
Chariot,6dB3Uad2TOaJcGKpM3zizO,0.663,0.374,316507,0.426,0.607,10,0.0886,-7.395,0.0315,102.174,0.0902,0
Infinite Sustain,5AciiCKJKTLKRrAPSrKQy5,0.8,0.529,149000,0.214,0.907,6,0.109,-19.268,0.0315,124.069,0.0903,0
Minus,5Z8onMr6EW2eNDamrDoWi5,0.501,0.244,342493,0.254,0.0458,7,0.105,-12.966,0.0296,81.049,0.0909,0
Send It,2GXOmuU3kApsq2TWqOU5Bm,0.0199,0.646,182671,0.979,0.776,4,0.38,-5.312,0.101,124.066,0.091,0
Bayybe 07,08qO8i2K0Hxl0h8PIncyuH,0.827,0.44,114195,0.384,0.934,7,0.156,-12.331,0.0453,127.938,0.0912,0
The Snail’s Teachings II: The Wonders of,2plPRo1J2A2erccAh1eJMB,0.944,0.334,198250,0.00961,0.901,5,0.105,-27.24,0.0416,68.153,0.0916,0
Long Way Down,1uVk6S6Fpkrmji0iTpgKEC,0.972,0.367,149773,0.121,0.0322,6,0.0871,-13.778,0.0335,132.244,0.0926,0
Only,0yfd3MSq6JEsNxOzSLJR7g,0.906,0.373,268455,0.178,0.558,7,0.109,-15.52,0.0303,108.605,0.0933,0
Dive,5TvkWUGywzfVF5HQ9uySVF,0.0418,0.434,255384,0.531,0.00021,2,0.0941,-10.05,0.0305,156.155,0.0935,0
Jealous,4L2K7JKseFCBoHMZEAszW0,0.873,0.435,287693,0.155,0,1,0.107,-8.948,0.046,128.532,0.0935,0
Be My Mistake,0AG2l0IboWNSwjUkMr2Aq7,0.835,0.572,256688,0.155,0.000137,6,0.0906,-14.405,0.0344,109.923,0.0949,0
Movies,4ZYFWXoHCIdsdgUdOMK9fr,0.646,0.0903,353732,0.362,0.402,7,0.106,-8.929,0.0337,74.729,0.0964,0
I'm Your Man,5FRWe0PkPj4CQ4fvibzTEh,0.475,0.429,268655,0.356,0.481,0,0.125,-7.615,0.0282,139.915,0.0965,0
Coda,2TFQPFUqRtgj1auq9b5PlR,0.93,0.351,180614,0.24,0.904,9,0.101,-15.363,0.034,79.919,0.0968,0
Bison on the Plains,0e0hVla9NkILk2JWOwVCMW,0.285,0.476,308800,0.522,0.0127,9,0.193,-8.159,0.0281,133.874,0.0973,0
The Night We Met,6mORGLOz79w6VsCRLWYYuK,0.969,0.443,208211,0.369,0.277,9,0.638,-9.514,0.0441,174.107,0.0989,0
Skinny Love,1NyFRrFiJAJIaR6icj1goI,0.842,0.592,238532,0.256,2.38E-06,4,0.088,-14.031,0.0449,76.361,0.103,0
Breathe,5q2hzGmdBeXEWuMOlOMOt2,0.99,0.612,166194,0.037,0.947,11,0.108,-18.855,0.0408,113.008,0.103,0
Creep,1ytTeSRAU6IRo2itVDwtPv,0.0102,0.515,238640,0.43,0.000141,7,0.129,-9.935,0.0369,91.841,0.104,0
Slow It Down,0ewX9JsKy9oa4IifkFSroa,0.928,0.423,305346,0.0657,1.40E-06,1,0.0922,-14.421,0.0386,98.489,0.105,0
Understudy,0Y41ZfnVaNRQp9dQiagwbC,0.983,0.494,163875,0.263,0.92,0,0.0746,-16.818,0.0325,159.875,0.105,0
Coming Home,30ACOtgBj1PqZs1erzFZkU,0.854,0.198,172818,0.139,0.856,5,0.0773,-18.72,0.031,82.405,0.106,0
"Quiet, The Winter Harbor",1OArWxrw689jZXaJzSErbh,0.973,0.321,255358,0.0792,0.104,5,0.0888,-17.737,0.0329,145.293,0.106,0
Goshen,5rLZGAZOstOC3fqhmGChvK,0.848,0.284,200146,0.262,0.00483,11,0.0966,-9.869,0.028,98.66,0.107,0
Silver Lining,4w7vMUyVony198G1c79PSq,0.986,0.317,225839,0.106,0.899,1,0.111,-20.574,0.0302,78.66,0.108,0
Awaken,00ZtJgQax06A96l8sMcmlB,0.929,0.346,129936,0.0943,0.918,2,0.102,-13.632,0.0362,127.006,0.109,0
Bortom Träden,4CFlaEtdgeu4mFmnUApAyl,0.801,0.446,260564,0.0586,0.85,8,0.0876,-26.416,0.0416,124.019,0.111,0
Anchor,6x6XKEUcCJGUACD4Xh7KuP,0.755,0.486,256282,0.356,0.861,9,0.0986,-13.649,0.0318,117.141,0.111,0
Just Look at You,62X7ld1sa8RHl4zRtSvfHf,0.985,0.558,187385,0.249,0.925,7,0.103,-14.715,0.0303,94.991,0.111,0
Ingénue,6mgKP4yo57GTSMc3fJlyWm,0.993,0.283,158176,0.122,0.905,9,0.0927,-23.074,0.0285,83.746,0.112,0
Back+,6MrVWgw16iHBGRntjRkGQq,0.993,0.383,198746,0.0197,0.944,7,0.121,-28.192,0.0528,67.555,0.113,0
Planet,1gIZhNdfbkGJ2iyOZJmW9O,0.988,0.549,151400,0.0604,0.869,6,0.111,-23.059,0.0332,113.98,0.113,0
When You Left,1uu52K2fxY7Hl4LQ8AtTyY,0.984,0.56,177224,0.0853,0.918,5,0.108,-15.918,0.0324,96.646,0.113,0
Bouquet with Lilies,1j45uvYWACNGDZ0jmKSTuP,0.716,0.621,216607,0.345,0.921,0,0.091,-12.106,0.0295,117.683,0.113,0
Someday,5zOetBDO9NONS4KnIBXtnx,0.265,0.572,288040,0.571,0.917,8,0.109,-10.067,0.0331,96.986,0.115,0
9 Crimes,5GZEeowhvSieFDiR8fQ2im,0.913,0.346,217946,0.139,7.73E-05,0,0.0934,-15.326,0.0321,136.168,0.116,0
Never Letting Go,5llPdGZJjJFJv9aL6ZaiLY,0.0915,0.534,172519,0.765,0.00107,1,0.225,-3.151,0.0338,127.978,0.117,0
Bird,6DzvC1VHpyTFfLBbAYBa7W,0.988,0.235,220640,0.187,0.00197,6,0.106,-12.754,0.0347,85.962,0.118,0
Prelude,1QmdL4qnNkm8FDuseRMf21,0.996,0.306,223500,0.0846,0.901,1,0.0909,-27.607,0.0535,164.732,0.118,0
Angry Chair,6H0wgcQCOuLYqDuNhMW8KL,0.0642,0.313,288400,0.973,1.22E-06,8,0.0581,-3.855,0.109,107.3,0.118,0
The Funeral,4Ao5JXfOIMJGlVo8sJpjFr,0.0143,0.316,321146,0.769,0,0,0.0928,-5.285,0.0422,122.458,0.118,0
Anaviosi,4OWZLr2sLv7ueKPHV7JRNP,0.995,0.391,174244,0.0121,0.946,1,0.0959,-24.588,0.0852,68.128,0.118,0
Remains,288oxP29Qe5FikFIc1b1Gd,0.991,0.157,228622,0.0755,0.897,7,0.184,-23.545,0.051,71.23,0.119,0
Hoovela,1dssHOp3HpaK9o5c0CL7xU,0.00123,0.341,207295,0.989,0.822,4,0.4,-3.828,0.111,103.48,0.119,0
Melancholé,3SdkYA8frHe3BMZsPVPrRq,0.996,0.369,149647,0.0283,0.941,2,0.101,-25.76,0.0399,83.391,0.119,0
North,3AtuVA6OJB7ZxBbMfA5qYx,0.994,0.522,126480,0.0155,0.927,10,0.0949,-28.022,0.0441,91.764,0.119,0
lovely (with Khalid),0u2P5u6lvoDfwTYjAADbn4,0.934,0.351,200185,0.296,0,4,0.095,-10.109,0.0333,115.284,0.12,0
Wild Wild Son - Club Mix,2Fgo49RzWsVWKcwAksPWq8,0.00138,0.526,218200,0.867,0.00064,5,0.0975,-4.332,0.0659,132.106,0.12,0
Eagle,7uI4m3uAKy2WWH1mJZAYzO,0.937,0.339,226400,0.142,0.91,10,0.0847,-21.613,0.0416,109.98,0.121,0
Tegel,5Vh9sUjTiivWtvKmif40wy,0.993,0.233,151764,0.0997,0.937,1,0.105,-25.616,0.0456,84.309,0.123,0
Los Feliz,0efOqjQkOgWPEZTzAZSB6j,0.197,0.575,166927,0.373,0.898,11,0.0753,-11.642,0.0279,74.975,0.123,0
Underwater - Tinlicker Remix,7ku9ctunOcfqWP6z04QTRY,0.0607,0.627,239894,0.857,0.835,7,0.132,-8.253,0.0402,121.976,0.124,0
Vague,3IOXceWmoCrTyl5TXFDzWu,0.881,0.32,143000,0.253,0.935,10,0.121,-17.843,0.0356,140.029,0.125,0
Feels Like We're Dying,0IvaKmBYBLVcdP0Ft8Dwik,0.73,0.579,185250,0.411,0.8,6,0.0945,-13.068,0.0329,79.988,0.125,0
Night Surrender,0kox8HaEK0EfeWcNVTOKTy,0.993,0.211,193653,0.00977,0.891,1,0.0996,-25.787,0.0396,175.397,0.13,0
Supersonic (feat. Christian Burns),2d0UsAbvuAiCyR4oV6fiOq,0.00814,0.34,245783,0.923,0.000829,0,0.385,-3.864,0.131,127.789,0.13,0
Night,7D04SRPxcqHXjoK0YFPuAq,0.995,0.428,192941,0.00129,0.955,0,0.0913,-32.837,0.0753,67.645,0.13,0
Fleur février,16A82OAjqWawjDM8K5HCdm,0.985,0.428,253904,0.0517,0.945,3,0.11,-21.74,0.0548,111.311,0.13,0
From Yesterday,4ogyT8HqLV6IdCepscSkh3,0.00578,0.467,245933,0.876,0.00592,10,0.0453,-4.841,0.0693,135.055,0.131,0
Woodland Heart,1z7GhYG0KqAmebdLfuoYho,0.84,0.516,160105,0.177,0.817,3,0.135,-20.473,0.0312,94.994,0.132,0
The Disappearance of the Unmoved Mover,62uEGHla1SOT2rhVAyMn6K,0.879,0.627,269296,0.427,0.878,11,0.0977,-11.498,0.0283,112.043,0.132,0
Heavenly,0M6TLjxixptslrmQpWbRoR,0.617,0.539,288594,0.432,0.692,8,0.11,-9.298,0.0249,105.196,0.133,0
Colgando,2dVvMXDWBY0U7VjCjOjVH9,0.948,0.567,268800,0.39,0.966,0,0.0802,-13.701,0.0301,99.997,0.133,0
Falling Ashes,6Zr0mt1HdVUwTEdMwqPXsC,0.954,0.332,480758,0.255,0.752,9,0.0784,-13.698,0.0309,187.786,0.134,0
No More 54,7LgkgNtOYgWfSJsGgDXFop,0.000492,0.541,196273,0.967,0.676,1,0.103,-5.682,0.0529,126.026,0.134,0
Blow,4nX11Rjdh7AuM8Ezb73m1R,0.0186,0.603,165000,0.902,0.683,5,0.105,-5.979,0.0494,127.973,0.135,0
Night on Earth,2OAOS8qkuKu5Kd8TvA5BAA,0.0656,0.268,340768,0.494,2.61E-05,4,0.123,-7.219,0.0321,102.065,0.136,0
Images,4sqIHHGPprOZNdW5zMx36p,0.993,0.387,163666,0.00579,0.929,7,0.136,-21.823,0.0439,111.991,0.137,0
Flowing,06G5MnuMA3cLbNwjFs8zIS,0.896,0.2,131116,0.138,0.929,0,0.207,-20.417,0.0301,71.631,0.138,0
Momentum,7Ln0DgKSrDG0ALbtNwGeml,0.891,0.636,178741,0.248,0.922,4,0.106,-17.313,0.0309,117.006,0.138,0
The Times Are Tired,1c6aKOdOoR1TFqn0JTyc4R,0.792,0.216,242466,0.195,0.93,8,0.102,-14.026,0.0382,61.555,0.14,0
If You Believe,0QurRfrHz1RGbdPpTx7lLV,0.937,0.575,183428,0.202,0.441,8,0.103,-18.544,0.0444,139.943,0.142,0
Cold as Stone (feat. Charlotte Lawrence) - Lipless Remix,6chZg1OMXz9VN3MQCr4cNf,0.237,0.619,228666,0.663,0,7,0.111,-6.937,0.0366,123.93,0.142,0
October Rain,2jdeYpaoWR0VMIyKrgQMQE,0.992,0.187,177077,0.014,0.923,9,0.0925,-29.31,0.0418,69.012,0.144,0
Crystal Shores,0gUAGl4nHShy1dzHikQKKU,0.958,0.482,170958,0.0257,0.923,9,0.104,-26.303,0.0323,109.98,0.144,0
windcatcher,59VApBbrS2IADQk4ml5mdo,0.961,0.402,123066,0.236,0.919,0,0.0921,-20.615,0.0603,129.736,0.146,0
Deep Dark Jungle,0FTDvOs2mzgHAqL31PBXO5,0.000405,0.587,145714,0.97,0.772,8,0.202,-4.512,0.216,128.069,0.146,0
Lights Go Down,2shD8wlebq8fDg6ChqOPkC,0.00254,0.741,155520,0.812,0.104,1,0.301,-5.356,0.039,124.991,0.146,0
Mind-wanders,4sYNRSlV9pGInYcbsC18Jz,0.959,0.312,207500,0.0185,0.901,9,0.111,-25.607,0.0437,176.972,0.147,0
Strange Dreams,0YXPmthF2oHLQCYIGkSrZy,0.988,0.308,133918,0.0229,0.819,9,0.0935,-26.941,0.0406,145.717,0.148,0
Parabel,4IrzpCIP60bro2wkBq5dIi,0.976,0.354,133000,0.0214,0.903,6,0.0957,-32.492,0.0388,112.008,0.148,0
Marbles,4iVWQTuwKG4JKtGOjx6T9V,0.0934,0.49,269866,0.521,0.862,2,0.266,-9.601,0.0295,107.778,0.148,0
Alive,2rPJcL8gQauA2nBdRyNZZL,0.00248,0.494,180468,0.847,0,0,0.0502,-3.996,0.0537,129.909,0.148,0
Sahara Love - Seven Lions Remix,6KjTXwntv8paBCL3El9TnV,0.0418,0.275,322892,0.659,4.15E-05,6,0.079,-5.631,0.039,144.908,0.149,0
Let It Out,72rHjyz3i7K90Hk1eF1f0c,0.381,0.596,213173,0.528,0.859,2,0.205,-12.481,0.0289,117.041,0.15,0
the theme song,3n2QaRyg5nTg5Cwwq5mw3Q,0.986,0.604,159840,0.03,0.952,0,0.105,-27.007,0.0386,117.781,0.15,0
Inside*,3GuzB4BEWq3bhZM8YydysZ,0.99,0.266,106573,0.0028,0.889,7,0.0933,-33.729,0.0493,132.581,0.151,0
Pierre,1qlVrqeX158nz91Z72lzaa,0.989,0.356,182000,0.0499,0.943,11,0.135,-24.949,0.0407,67.11,0.153,0
People Help the People,6XRNCAnxJIB1p4RPdFVSq0,0.778,0.407,256236,0.308,1.46E-05,10,0.092,-9.001,0.0296,73.254,0.153,0
Old Rain on a New Day,5P8BZ67Vw2CUwAYi12yvYj,0.971,0.286,225500,0.14,0.892,7,0.134,-16.496,0.0346,119.191,0.154,0
Where Your Mind Wants to Go - RONE Remix,4pODZqgdj6Iwci7jruY5xf,0.333,0.651,336481,0.848,0.763,10,0.101,-8.941,0.0458,119.977,0.154,0
Fields Of Blossom,0BEkkhhqcCNx6VLMtshOiT,0.98,0.42,197800,0.135,0.941,4,0.0974,-20.518,0.0815,118.9,0.155,0
Mad About You,5drK2kTE2mrUdV33iHWyrx,0.00109,0.465,223733,0.844,0.399,1,0.0865,-4.352,0.0379,170.358,0.155,0
Machinehead,1iTzI4NSQNLIETWDJ1WNWi,4.24E-05,0.15,256360,0.875,0.00103,9,0.0957,-7.27,0.0975,169.806,0.156,0
Time Travel,2ENH05Q7PkilEF6WujXNjG,0.965,0.502,160788,0.289,0.913,8,0.153,-17.378,0.0307,137.926,0.156,0
Summer Boredom,1B96GJer0xmo0t9rZg5V4c,0.994,0.496,150031,0.0281,0.951,2,0.0813,-24.864,0.0372,72.124,0.157,0
Kite,6a8U8DihiuewRpRQ2OOCVU,0.973,0.534,110714,0.019,0.896,7,0.108,-26.071,0.0413,115.917,0.157,0
All I Want,1XczdQt6RKNkEQfPqUsi3q,0.113,0.189,306600,0.427,0.0923,0,0.058,-9.08,0.0449,187.212,0.158,0
Gracewood (Revisited),1TSpCeUusXyZ7FiaDuy3x1,0.969,0.353,139050,0.0544,0.915,8,0.106,-22.657,0.0408,74.883,0.158,0
Welcome Home,42GP0xKtkolBnmqQRvSllO,0.00648,0.442,374973,0.951,1.12E-06,11,0.0887,-5.27,0.11,154.004,0.158,0
Fix You,0x4CFzoSdqVq5qTGgwZFuX,0.671,0.5,240000,0.185,0,1,0.0827,-13.209,0.0302,140.148,0.159,0
Your Turn Now,6Ij1Soe86rp6D9YsxwCz9N,0.819,0.634,239500,0.193,0,7,0.113,-9.503,0.0277,95.004,0.159,0
Words I Heard,12nUGGcjJgQYkGawzk0rJp,0.228,0.124,399012,0.347,0.00325,1,0.147,-11.392,0.0335,76.868,0.16,0
Nazareth,2cRD4yq8e8wd6PxS0zhuW3,0.995,0.378,146125,0.0181,0.881,8,0.104,-31.001,0.0552,86.533,0.16,0
Mindfulness,3EQPb4sdkNPCHb6AMyUTXj,0.992,0.692,207554,0.00643,0.847,9,0.0452,-34.388,0.0553,105.987,0.16,0
Story Of A Violin,3JjPOBCCKmvtgSsVIDqFDl,0.0125,0.548,154692,0.864,0.287,11,0.818,-6.835,0.0881,128.196,0.161,0
Unintended,6kyxQuFD38mo4S3urD2Wkw,0.647,0.487,237026,0.279,0.00185,6,0.11,-11.586,0.0265,139.362,0.162,0
coeur noir,0JsYp2UosjQpePYbHCvXWZ,0.926,0.235,262280,0.233,0.89,11,0.069,-21.173,0.0712,66.866,0.164,0
Eidolon,6KuzTwyczjBp1C4f60Y5ID,0.862,0.553,257668,0.24,0.946,10,0.0932,-19.522,0.0304,128.986,0.164,0
23,4HIwL9ii9CcXpTOTzMq0MP,0.0189,0.381,318800,0.832,0.196,8,0.153,-5.069,0.0492,120.255,0.166,0
Cursive,5Iy1wdO0tMaHwKnfFYtlel,0.935,0.494,240400,0.267,5.58E-05,0,0.128,-11.54,0.0308,115.117,0.166,0
Sintra,0b6iQfSLnYGz5VCzwndLz9,0.984,0.395,201951,0.147,0.909,2,0.0724,-19.174,0.051,164.176,0.167,0
Boiler,5UaOg4eymp98fxKyx6SHmB,0.00393,0.443,420266,0.722,0.0155,6,0.0373,-6.326,0.0865,111.324,0.167,0
Billinghurst,6B2jQL05apmJlDZtPIxD3R,0.0305,0.769,456585,0.701,0.85,5,0.0929,-9.089,0.062,123.011,0.168,0
Rayons de soleil,13SBuUaDElB4vowkW6nQxk,0.987,0.315,245200,0.102,0.954,11,0.104,-22.435,0.0423,63.679,0.169,0
"Piano Sonata No. 14 In C Sharp Minor, Op. 27-2 1st Mvt: Adagio Sostenuto",4QNjuUkLHj47tEXgA6TFc3,0.995,0.274,372173,0.00332,0.909,1,0.175,-41.45,0.0424,67.765,0.17,0
Falling Away from Me,2F6FfZ4w8z3eJpSxPotVO5,0.00014,0.468,270920,0.769,0.00124,4,0.271,-7.036,0.041,104.102,0.17,0
Dancing With an Astronaut,43cElHKBLhVdsz0cPETPIj,0.487,0.516,168141,0.407,0.0235,9,0.252,-7.841,0.0283,74.894,0.17,0
Teardrop - Remastered 2006,1ZekzmhuM380sFcUZePjmL,0.0204,0.612,328026,0.463,0.653,11,0.183,-7.653,0.035,76.98,0.17,0
Universe,0VrJzyZPEkz3VliJoU3w6A,0.994,0.623,250987,0.134,0.935,5,0.192,-18.953,0.0478,62.562,0.171,0
Keep Going,4Hhup3YZfajcC7O0DNbwCq,0.994,0.385,200527,0.305,0.949,3,0.109,-12.044,0.0466,74.024,0.172,0
A Burden to Bear,67DOFCrkcQaLp5yhzF8Y8N,0.995,0.394,129410,0.0475,0.955,6,0.105,-26.432,0.072,71.241,0.172,0
Beekweide,199PI6mx1IFrDk8ZMtNTyX,0.984,0.321,219215,0.11,0.963,8,0.115,-23.63,0.0345,73.914,0.173,0
K.,6vG1pcmNGdG6Vu62I9nLGL,0.962,0.348,269000,0.226,0.00483,3,0.135,-10.918,0.0386,129.251,0.173,0
Curiosity,3WEdWvAScE1EcBfErseQnC,0.985,0.43,155820,0.256,0.867,2,0.106,-22.088,0.0641,133.955,0.173,0
Light Years,0dcKsPZVWa64MvnoCes49q,0.95,0.544,213373,0.316,0.7,4,0.0978,-11.666,0.0307,124.989,0.173,0
blue,7pt64sepCy5QmDrgy9wOJS,0.668,0.725,184500,0.258,2.63E-05,11,0.0955,-14.065,0.255,127.876,0.173,0
Frozen,4nTeeVQnNghbWWo6k7oPrH,0.986,0.352,166000,0.0246,0.928,9,0.107,-27.226,0.0419,78.809,0.174,0
Snowfall,51USOvxeXLH3EvL3RwWJp7,0.984,0.437,164703,0.0747,0.914,1,0.109,-20.209,0.0648,117.078,0.175,0
Tilted Towers,5hdAQegqnitMjNacfLOHQd,0.000771,0.702,259475,0.842,0.828,7,0.28,-5.059,0.0331,124.01,0.175,0
Shifts Of Light,0KN1zd8K3MTPQyix892mCf,0.931,0.455,261613,0.216,0.921,3,0.0839,-20.107,0.0363,171.936,0.179,0
It Takes Me Back,07FUh3cxCPNQFIIp8aSWCy,0.902,0.487,142200,0.111,0.000107,5,0.35,-11.608,0.0356,87.161,0.179,0
Midnight Sun,6qTP59Amjny78Qd8zayuNW,0.0574,0.614,145039,0.98,2.51E-05,3,0.086,-3.61,0.199,127.062,0.179,0
Harvest Love,2KK7OUblFkd7TT9TjWgW7z,0.314,0.276,365928,0.251,6.05E-06,2,0.122,-9.078,0.0295,95.705,0.18,0
Video Games - Remastered,0fBSs3fRoh1yJcne77fdu9,0.811,0.236,281960,0.249,1.00E-06,6,0.087,-9.595,0.0348,72.847,0.181,0
Bye Bye Little House,7AQKjpzLGVBKvTDyoJ7YVK,0.985,0.31,202405,0.0313,0.94,10,0.263,-23.55,0.0325,92.857,0.182,0
While the Rest of the World Sleeps,4Hi0t9QQODb9k3aSM8SFb6,0.988,0.423,231841,0.0442,0.947,11,0.108,-21.088,0.0378,73.407,0.182,0
Hollowman,3MOdqpj30w4Wk96bBwLJk9,0.000214,0.502,303013,0.92,0,2,0.306,-4.588,0.0611,159.884,0.182,0
Before You Go,2gMXnyrvIjhVBUZwvLZDMP,0.604,0.459,215106,0.575,0,3,0.0885,-4.858,0.0573,111.881,0.183,0
"John Wayne Gacy, Jr.",2gFBh7NnEfSeBoZZDB5d2C,0.917,0.463,199920,0.179,1.73E-05,0,0.12,-14.852,0.0402,80.747,0.183,0
One More Night,0Ov2L3hgjc5TlxKuBpKOQK,0.00402,0.62,180972,0.897,8.56E-05,11,0.108,-3.595,0.086,126.013,0.183,0
Samson,2bbhyUWJ5VjdfI3P4PRLu2,0.862,0.49,189335,0.193,9.74E-06,11,0.113,-9.544,0.0421,89.154,0.184,0
Wish I Was Better,1kAkUHFb7ryeVkVSRD6Nkj,0.747,0.732,140571,0.304,6.13E-05,0,0.143,-13.086,0.111,139.965,0.185,0
Everybody Hurts,0sSxUKtpE11r5VVx1DIMww,0.568,0.282,316880,0.476,0.0185,2,0.157,-6.524,0.0274,187.604,0.186,0
Goodbye,4VxaUj96W2jw9UOtKHu51p,0.406,0.484,256786,0.457,0.646,1,0.297,-13.976,0.0456,87.159,0.187,0
Andromeda,0L6lVIgGqVHnmR3BIy8GHa,0.367,0.463,280186,0.462,0.0012,1,0.356,-7.94,0.0272,131.273,0.189,0
Summer-Blink,66epoq09V61hukB4Sdm3Q4,0.168,0.491,189653,0.599,0,5,0.166,-6.741,0.0274,80.048,0.189,0
Transatlanticism,3PJikMV2xGNCooQttQrAw5,0.393,0.443,475093,0.466,0.647,9,0.165,-9.209,0.0302,127.493,0.19,0
The Calvary Cross,65IP0rTvP6hFkIUNODG2VK,0.675,0.661,306893,0.425,0.13,9,0.104,-10.317,0.0312,114.042,0.19,0
Quick Canal (W/ Laetita 3ier),2mJhNvt2dDCfcNn8IZg6sF,0.169,0.299,518373,0.541,0.795,7,0.132,-10.641,0.0513,142.724,0.191,0
Escaping Time,7JrSIPcfkWhDzxWII8Jz7V,0.64,0.32,200346,0.256,0.862,10,0.112,-17.98,0.0445,115.011,0.191,0
yellow is the color of her eyes,4D3nttJPU6L0M2epr7sId6,0.757,0.452,435080,0.515,0.12,11,0.14,-7.351,0.0255,80.537,0.191,0
When They Come,100jBpD7nuiMriR7ErXQ9S,0.922,0.501,262000,0.378,0.825,6,0.115,-14.959,0.0269,108.034,0.193,0
ID8,2jxfHzOYVLmGKejNRHvqoc,0.0198,0.576,197183,0.948,0.000123,9,0.683,-4.251,0.0898,128.029,0.193,0
Dancing On My Own,02WacdrRpm4zlP8H7X6bnQ,0.851,0.608,260004,0.174,1.92E-05,1,0.0855,-8.796,0.0332,112.175,0.193,0
Duality,61mWefnWQOLf90gepjOCb3,0.000237,0.354,252613,0.982,0.000294,4,0.204,-3.026,0.168,143.772,0.194,0
Say Days Ago,0fcGdkaMVaJtPuYLB6bXRx,0.00022,0.362,197866,0.979,0,4,0.459,-4.262,0.205,89.431,0.195,0
Away From Me,4wzaTdhmBgpch7IXu3CskA,0.00061,0.396,238466,0.93,0,8,0.168,-2.939,0.1,154.777,0.195,0
Found,2T2EemW8X3GlKvJe1gxpBC,0.901,0.517,159049,0.397,0.867,0,0.11,-14.281,0.0289,100.005,0.195,0
Falling Asleep,1FunUekKzZ9Mgt3BMYCrfF,0.899,0.537,202400,0.201,0.00163,2,0.077,-12.948,0.033,134.087,0.196,0
Retrospectacular,58Z8R4KZPbfTc6KVYZLwTb,0.81,0.368,200000,0.293,0.864,9,0.11,-16.379,0.0346,119.977,0.197,0
Stormy Weather,7oXWUVH2t0UR11AvhhY8GQ,0.00308,0.444,150169,0.382,0.816,2,0.0915,-9.324,0.0397,123.59,0.197,0
when the party's over,43zdsphuZLzwA9k4DJhU0I,0.978,0.367,196077,0.111,3.97E-05,4,0.0897,-14.084,0.0972,82.642,0.198,0
Oceans,7Cia4WzapwjMr0NUQF8vf3,0.274,0.404,216186,0.48,8.63E-06,9,0.132,-8.906,0.0303,129.162,0.2,0
Older Than I Am,15VDHAMS4JCLziCjNkmQl1,0.891,0.44,181533,0.306,0,9,0.103,-8.947,0.0363,117.288,0.201,0
As I Sleep (feat. Charlee),72qlZsoVPpyFxVjL6GUuYI,0.0195,0.694,193471,0.824,0.0426,8,0.327,-6.306,0.161,123.014,0.202,0
Paradise,6nek1Nin9q48AVZcWs9e9D,0.0522,0.449,278719,0.585,8.49E-05,5,0.0833,-6.762,0.0268,139.627,0.203,0
Heaven - David Guetta & MORTEN Remix,4QAUGy6k7c3IOAhgWz52r7,0.00292,0.572,215238,0.934,0.0198,6,0.105,-5.053,0.0446,125.948,0.204,0
Trees - Solo Piano,2SDxYHBST2s6dGodsgnNbM,0.957,0.282,174890,0.0717,0.919,5,0.0996,-25.816,0.053,163.128,0.206,0
you were good to me,4CxFN5zON70B3VOPBYbd6P,0.913,0.561,219146,0.0848,2.62E-05,2,0.112,-15.099,0.0404,102.128,0.206,0
Sleep,7C0naD1GsrGZTKGMbg7m7I,0.843,0.55,228873,0.596,0.462,10,0.15,-8.962,0.0335,143.182,0.207,0
Throw Me a Bone,5fw57RymBIg7ys4M8tWJ5H,0.585,0.516,147248,0.487,0.0507,5,0.168,-10.55,0.0331,96.204,0.209,0
Living,4ytv5Yzyal3LzKyMjRXjse,0.14,0.46,279826,0.59,0.591,6,0.112,-9.375,0.0327,118.008,0.212,0
Saving Daylight,0rDXZpaDpGMbT8ON1DxEtT,0.456,0.526,206820,0.385,0.922,0,0.0935,-13.755,0.0296,120.008,0.212,0
Breathe Me,7jqzZyJJLrpkRFYGpkqSK6,0.0364,0.552,272800,0.643,0.74,0,0.105,-7.36,0.0327,120.012,0.212,0
Losing You,5aFSzu0b7ccAYjTkbTNTsQ,0.63,0.383,205859,0.446,0,0,0.0946,-8.693,0.0382,77.399,0.213,0
Petrichor,22KKy6ftT0i4nyGNCbwc1B,0.937,0.319,118321,0.122,0.905,4,0.167,-16.69,0.0373,70.263,0.214,0
Suhpratti,4A6C6K8c8IukPda2f0rI8J,0.974,0.564,186542,0.0515,0.765,11,0.114,-15.118,0.0338,93.961,0.214,0
Little Things,29IRVQao62okE22TDamSnm,0.000229,0.367,264293,0.915,0,7,0.184,-5.453,0.0682,112.642,0.215,0
Open Fields,24CJS73HBvYtVguUZBnyAn,0.97,0.491,183181,0.197,0.916,4,0.214,-19.261,0.0298,132.106,0.216,0
Rise (ft. Matluck) - Thomas Gold Remix,24fghf9YPlSHoWKNHign8p,0.0071,0.501,225937,0.784,0.000257,7,0.155,-4.292,0.0417,128.052,0.216,0
Wolkendans,3BuuxHhwQ4AQvDA9dzvSry,0.996,0.38,120029,0.0355,0.91,0,0.115,-27.118,0.0465,179.205,0.22,0
Lay Your Head On Me (feat. Marcus Mumford),0oB9964bp22Bmok0Dmxlzb,0.0471,0.658,199895,0.765,1.02E-05,11,0.0936,-7.002,0.0469,119.974,0.222,0
Bad Timing,2KSCegx6TosQQEgmhJKNQa,0.689,0.471,254886,0.289,0.000535,6,0.0865,-9.784,0.0258,146.352,0.225,0
Linger,7zWQ9qz0vAK75QBTGLZ0Wb,0.0122,0.54,262375,0.574,0.000658,7,0.226,-7.006,0.0232,94.975,0.225,0
The Temporary,5g5dwJD6zwXG81LRdEsnQr,0.292,0.549,219018,0.524,0.0366,0,0.122,-8.288,0.0261,94.991,0.229,0
All Mirrors,4ZQdynvfiayhdoq5lcuCQ1,0.00299,0.429,282026,0.689,0.00193,7,0.152,-7.38,0.0379,105.04,0.23,0
North Captiva,32dZxkZtsF5Vt3PrJQuV2i,0.918,0.479,194495,0.346,0.929,9,0.111,-17.916,0.0306,143.965,0.23,0
Rescue Me,7DP18u679fMurjsUxuxMHu,0.069,0.494,187382,0.739,0.000368,6,0.0664,-4.61,0.0427,128.007,0.235,0
Wonderful Together (feat. Envy Monroe),3UaStdVN7y9A6ktTmkFDTk,0.0484,0.591,203076,0.759,1.23E-06,5,0.108,-3.785,0.0404,130.043,0.235,0
Riverside,1UmFRZU3taMGZApPhK32mc,0.985,0.648,228546,0.177,0.000353,9,0.134,-13.474,0.0311,99.101,0.236,0
Courage,0gj8zftpww3PXx8xea7Ygn,0.994,0.635,162083,0.0302,0.952,1,0.107,-26.234,0.0401,83.222,0.237,0
Atlavík,6WdO6Ds95sLALCqCOfbDQh,0.867,0.535,155733,0.147,0.797,2,0.0825,-25.141,0.0382,126.823,0.238,0
EDM Sux,6AlzF33SOFB8vfrmABo0jV,0.00775,0.653,155625,0.907,0.82,7,0.342,-5.877,0.11,128.079,0.238,0
Crash,1FXlhqcYaiw6KuUYtXdtAi,0.000455,0.689,232981,0.456,0.882,2,0.07,-12.307,0.0339,126,0.238,0
Venom,4EvAP7MWnjDMkADXXEuF5t,0.159,0.357,194500,0.851,0.866,2,0.146,-6.103,0.0534,130.013,0.241,0
Quiet Room,5uTfZTuLLGbq1qFYwzg7jX,0.995,0.374,156413,0.068,0.934,11,0.119,-21.842,0.0517,66.01,0.241,0
Litost,0bMcjygjhkTVB8T4r3xCde,0.988,0.383,152456,0.101,0.919,0,0.102,-18.306,0.0427,119.709,0.242,0
Watching Clouds Disappear,18HZyQSQdmtxv5i9YSHJTw,0.99,0.495,142861,0.0191,0.902,5,0.113,-26.317,0.0362,112.814,0.243,0
Juliens Journey,0DVw5GHPCUImZ8VmRdlbmx,0.994,0.578,219213,0.0154,0.945,2,0.0799,-24.126,0.0987,123.953,0.244,0
Free,6s2T9kuNYNZKsG5Fa1LiDN,0.0238,0.481,228971,0.922,0.00185,3,0.0971,-4.17,0.064,127.931,0.246,0
Let It Go,13HVjjWUZFaWilh2QUJKsP,0.818,0.546,260533,0.311,1.65E-05,1,0.107,-10.396,0.0288,147.464,0.246,0
Fantasy - R3HAB Remix,3iGMErA58MMTYT1mBkUkRf,0.113,0.7,188346,0.751,0.00129,4,0.241,-3.853,0.0566,124.027,0.246,0
Telling Tales,3AfZWVkAf2ipi68BMVvfwq,0.0262,0.425,252499,0.555,0.284,0,0.206,-11.806,0.0287,108.991,0.247,0
Isonoe,4sP8BZIZKGVq6jHOSPF17A,0.983,0.365,159045,0.119,0.919,7,0.112,-20.962,0.0405,147.573,0.249,0
Anthem,1SSAvErVyid5OXzmtGZKkg,0.00152,0.664,158483,0.86,0.894,7,0.197,-4.505,0.0345,121.991,0.249,0
Essential Attitudes,0T3UHut7JmCi5jcgYiMawm,0.449,0.444,217987,0.497,0.722,5,0.081,-12.601,0.0383,99.093,0.25,0
Video Killed The Radio Star,7o7E1nrHWncYY7PY94gCiX,0.103,0.68,252773,0.678,0.00828,1,0.204,-11.548,0.0754,131.165,0.251,0
Bloom,5DP6ow4t5Mmfge0fMRhSJD,0.945,0.249,121069,0.129,0.839,4,0.17,-18.167,0.0324,70.59,0.253,0
Vamos,0i6KOje3rNRSNPw0vy803g,0.00209,0.52,181237,0.975,0.213,2,0.148,-3.66,0.0839,128.017,0.254,1
I'm Not Okay (I Promise),7lRlq939cDG4SzWOF4VAnd,0.00602,0.21,186480,0.94,0,9,0.269,-3.427,0.123,179.722,0.255,1
Kids In The Dark,2dqq3YMX6nlJKXhrjY5W4J,0.524,0.47,208613,0.526,0.00557,1,0.0856,-10.987,0.0307,138.978,0.257,1
When The World Stood Still,0w9rKPt8242huJZKFA1zGX,0.989,0.461,217339,0.0167,0.848,9,0.11,-22.104,0.0509,73.77,0.259,1
What's Good,6OBl3esnGuz8PllwDWinWS,0.935,0.542,216875,0.0957,6.40E-06,8,0.182,-14.518,0.0404,134.739,0.259,1
One Night - D.O.D Remix,5Q0VxlFh80F3LmbGnuDE4M,0.00732,0.681,252500,0.969,0.199,1,0.219,-1.394,0.0702,126.024,0.26,1
Would You Rather,4ctEt5qumxA8RuzdeQagkk,0.936,0.482,199080,0.363,0.000109,10,0.104,-10.926,0.0309,135.779,0.261,1
Target,60tHXabTlAhzlkXRDWl9cp,0.714,0.55,183000,0.471,0.952,5,0.0815,-16.049,0.0295,159.983,0.261,1
Tears Don't Fall,1kdiiFGX1Htx0aVZYaDwEJ,0.000725,0.212,348386,0.926,4.83E-06,7,0.081,-3.378,0.14,162.103,0.262,1
Time Out,4CYsf9MUjowxTMTVT39hTL,0.988,0.695,174240,0.0761,0.929,9,0.133,-17.043,0.0399,125.017,0.262,1
Betty,0yBM8cOHjb6iiMI2eM8pIc,0.89,0.171,161750,0.185,0.94,9,0.101,-19.651,0.0348,142.694,0.264,1
Ballad of the Dying Man,65w8nArxPq2EzOAhteymf0,0.848,0.399,290736,0.443,0.000406,5,0.0899,-9.168,0.0272,139.643,0.265,1
I've Been Fine,0KyPBZ6PAxzpcAobqxhaHu,0.13,0.548,241079,0.569,0.00134,11,0.0584,-6.215,0.039,75.082,0.265,1
White Sparks,7LF1XX9NNuvFtrRliJSEoh,0.989,0.574,126801,0.0835,0.935,10,0.117,-22.763,0.0413,106.027,0.265,1
Not Alone,7tx0NDsCViutjOyd1c4A28,0.00538,0.68,215447,0.721,0.000216,7,0.0679,-6.21,0.0355,122,0.267,1
Reinventing Your Exit,591vJuuep0gfPhx9p8WPD5,0.000124,0.45,262573,0.978,7.14E-06,9,0.361,-4.198,0.0637,155.014,0.268,1
Stay Here,69vYa2LVWv1TXvNIVNlJA1,0.0149,0.432,176129,0.839,0,6,0.362,-3.901,0.0425,123.987,0.269,1
Wash It All Away,6AKWOVOJ81OQfsgxZbJ6QN,2.08E-05,0.485,224906,0.987,0,4,0.267,-3.1,0.0738,123.576,0.272,1
Dust On The Ground,2SbIONplUQ0BvXyRgGDgCz,0.757,0.605,243752,0.319,0.00237,10,0.116,-10.892,0.0306,109.603,0.273,1
Bad Feeling,1qUaWLUot3Iik95S09cdSZ,0.351,0.512,157930,0.352,0.74,5,0.106,-9.093,0.0354,82.943,0.275,1
United,27BMhzmPptTnpra962NgQh,0.0565,0.643,217391,0.957,0.841,1,0.0763,-5.026,0.0892,138.073,0.281,1
Bloom Innocent,7zNT9GE070fYjnhx6TFWnQ,0.931,0.519,416353,0.236,0.133,2,0.127,-18.378,0.0362,80.008,0.283,1
Thin White Duchess,0QevFRZ5eiXah4VZWeviK4,0.115,0.537,252392,0.655,0.294,7,0.243,-8.194,0.0374,119.965,0.283,1
How To Fight,6ruBSXfnFc6raFDFm9YB3r,0.702,0.404,211295,0.249,0.000911,7,0.171,-15.881,0.0472,120.221,0.284,1
Shine,6YbVddGFPcfOVJrxhUusbV,0.0259,0.428,163124,0.873,2.64E-05,10,0.668,-3.499,0.0566,127.95,0.285,1
Devotion And Desire,27O9FuS1UIm6ZyLplgLQAH,0.000702,0.296,209626,0.9,0,2,0.339,-4.918,0.0922,184.256,0.286,1
Chop Suey!,2DlHlPMa4M17kufBvI2lEN,0.000278,0.419,210240,0.934,0.0015,7,0.132,-3.908,0.12,127.288,0.286,1
Dawning,56ag77KIUFvxJhA1gdObsq,0.64,0.526,206419,0.471,0.817,0,0.096,-11.965,0.0424,119.972,0.286,1
Someone Like You,6QPKYGnAW9QozVz2dSWqRg,0.893,0.554,285240,0.321,0,9,0.0996,-8.251,0.028,135.047,0.288,1
Freya,0aaTrekfgJgLiH00lnPKm7,0.000211,0.64,284878,0.667,0.899,11,0.0748,-10.19,0.0379,122.994,0.288,1
Stricken,4VGUcTzWj0ebZ0UgI9irJL,8.51E-05,0.404,245109,0.969,0.0114,8,0.268,-2.938,0.195,173.878,0.29,1
Alison,55CenVQ4alvDJ1PS8aYB0m,0.00957,0.279,231893,0.423,0.837,4,0.128,-12.06,0.038,101.571,0.291,1
The King (with Dzeko),40UbcJWyWPqOWFvv4Dpvfc,0.0587,0.655,209493,0.726,0.00311,9,0.145,-4.614,0.0324,128.001,0.292,1
My Way - Marcus Santoro Remix,29pQasEiyy3Otgq55dzyTt,0.0122,0.563,181147,0.882,2.09E-06,1,0.0641,-4.755,0.0596,125.043,0.296,1
Should Have Known Better,5I6y1KWmUoV5YCaIEcs1qs,0.979,0.571,307697,0.172,0.275,7,0.124,-20.7,0.0318,90.972,0.297,1
ATTACK,6QxTWEvzcJljVZaeTzuHF1,0.00344,0.331,189200,0.876,0.000835,5,0.732,-1.894,0.0603,175.009,0.299,1
After The Rain,2XBc2jWnvPqNO2LebVtLaY,0.993,0.456,116625,0.0337,0.948,0,0.126,-26.87,0.0334,97.199,0.3,1
My Hero,7u5dBtASrtOuBTTZjJrvuJ,6.01E-05,0.364,258973,0.925,0.000251,4,0.0603,-4.224,0.0659,153.981,0.301,1
Blaster,1fMZR4DD2mE0iXginD9fOc,0.0326,0.667,159523,0.857,0.464,2,0.27,-4.729,0.0468,125.946,0.301,1
Lost Moon,5QlL4Rxjw3MQbx8Xvs75ts,0.328,0.448,356125,0.591,0.708,0,0.111,-9.291,0.0327,145.482,0.303,1
Seven Nation Army,3m6KkYKdnbffMpGd9Pm9FP,0.00666,0.745,231920,0.466,0.35,4,0.272,-7.62,0.0864,123.889,0.303,1
The Mind's Eye,1igVdCr2mrzwu2lHxUbJWn,0.000708,0.376,331179,0.546,0.777,7,0.359,-12.678,0.0362,115.995,0.305,1
Pour Les Oiseaux,4NFa9tjhONF6lnu4SRbfG9,0.965,0.376,76773,0.0879,0.944,0,0.099,-19.815,0.0423,70.433,0.308,1
Laugavegur,4nZSgFwgYUOyWcBX61JY6j,0.54,0.515,188795,0.408,0.769,7,0.0916,-12.688,0.0385,115.002,0.308,1
Kinky Love,3Uz3K1Ctq6MOIDqRddKHXo,0.133,0.376,244240,0.277,0,1,0.0643,-18.291,0.0357,178.814,0.309,1
Somebody - Josef Bamba Remix Radio Edit,5riuN21I50r717iOmCJ7Kr,0.00162,0.67,227404,0.88,0,4,0.261,-6.419,0.044,121.004,0.312,1
Angel's Song,5hXTMmVXz1Ablgu34BkTz1,0.894,0.693,197243,0.195,0.0325,11,0.126,-15.278,0.0446,116.725,0.315,1
Sun In Our Eyes - Don Diablo Remix,1Cfws8y490Zpsqsyeme6V1,0.0589,0.699,206452,0.861,2.64E-06,4,0.0794,-3.09,0.173,125.942,0.315,1
Lunar Eclipse,0n2X57zaddr0ODIxUb64Sx,0.224,0.632,156473,0.469,0.854,11,0.0902,-10.513,0.0307,128,0.316,1
Dolerme,2reL9PAUza4PUtbjqW1fRf,0.785,0.545,143975,0.478,0.00278,8,0.123,-7.035,0.0559,173.746,0.318,1
I Can't Help (with Sarcastic Sounds),1OdYu7mDO94ydUvfZPaPvP,0.393,0.714,121250,0.4,0.000718,2,0.109,-8.264,0.0618,81.974,0.318,1
Black Car,7ESnexsnylx85YfT6ZiSun,0.344,0.407,251160,0.549,0.901,9,0.111,-10.244,0.0293,77.473,0.32,1
Adjustments,6w0vhPaZBYjhrDobs3QE14,0.974,0.532,182000,0.541,0.864,0,0.228,-11.932,0.0283,136.063,0.329,1
All of Me,3U4isOIWM3VvDubwSI3y7a,0.922,0.422,269560,0.264,0,8,0.132,-7.064,0.0322,119.93,0.331,1
Children Of Today,2106G7MY2XnVyqij2bJVGH,0.00892,0.507,169384,0.836,0.000598,6,0.485,-4.357,0.038,130.027,0.333,1
Sinking Man - The Walking Dead Soundtrack,5Hd6DPGjqihEnWSiGRzqr6,0.905,0.684,166560,0.0646,1.86E-05,10,0.0789,-18.052,0.0522,95.99,0.334,1
Sunspots,2yNeqUczAqpKSo8vFF00CR,0.00565,0.379,283230,0.499,0.125,4,0.077,-13.923,0.0411,155.993,0.335,1
South Beach,4GQVsXO7jkxg43UmAd1Tbb,0.0303,0.501,201951,0.887,2.64E-05,1,0.114,-3.941,0.0424,123.052,0.336,1
Waiting For Tomorrow (feat. Mike Shinoda),27YP211Rr8RezhiFVDLFI8,0.00731,0.507,247504,0.887,0,5,0.562,-4.084,0.141,128.015,0.336,1
Home,3Qsp2uAtcDCrrlknJtUPj8,0.00851,0.544,189834,0.932,0.00811,10,0.157,-5.816,0.0679,125.954,0.337,1
She Remembers (Piano Solo),2UaXTR0Xv4SCDQ6wIlVNxC,0.996,0.619,122537,0.0203,0.944,6,0.0812,-26.572,0.0369,135.86,0.337,1
Beautiful Life,2s25Z079T5KRzfqEQRMQQ4,0.127,0.732,161463,0.52,0.0347,2,0.139,-6.684,0.0376,119.979,0.339,1
Siren Song - Radio Edit,1uGXhKyK50NIXNqBKN73DS,0.00891,0.71,207301,0.705,0.16,7,0.177,-7.417,0.0345,119.986,0.34,1
Mudshovel,6264zKFgXM13JuRBX4MMyD,0.000224,0.328,282093,0.826,0.000944,6,0.0818,-5.085,0.0362,106.606,0.341,1
"Rocket Man (I Think It's Going To Be A Long, Long Time)",3gdewACMIVMEWVbyb8O9sY,0.432,0.601,281613,0.532,6.25E-06,10,0.0925,-9.119,0.0286,136.571,0.341,1
Trying My Best,06qUEhhx6jKQmhj2qAkn4H,0.95,0.561,222467,0.0587,0,5,0.0828,-17.819,0.0762,143.027,0.342,1
The Message,3oLJlBI7OveRtPOuMe4oaM,0.00278,0.64,292480,0.695,0.611,5,0.337,-9.919,0.0326,117.999,0.343,1
Guernica,7lUjs7bf1fjKI8HKhbNp6z,0.127,0.382,203173,0.907,5.65E-06,10,0.0915,-6.383,0.295,183.35,0.346,1
Blame,3TSZpRzSEKL1dFfpd1JDoF,0.619,0.612,180937,0.68,0,0,0.0786,-4.925,0.0346,127.909,0.346,1
The Choice,2IXJyG1DX93g2EhFXghz37,0.909,0.303,102373,0.00338,0.89,4,0.116,-30.932,0.0493,50.96,0.347,1
Feels Like Flying,3mMd2MGvEIDAfMfvcb9wsC,0.882,0.416,198077,0.11,0.873,11,0.116,-13.776,0.0423,120.024,0.347,1
Human Connection,1V17xHHZgIgZ6H14rinHdi,0.0938,0.6,328040,0.882,0.912,5,0.0542,-8.394,0.0311,120.008,0.347,1
Don’t Delete The Kisses,1LomCMl5wD3MPVlC6smUHe,0.0011,0.604,275226,0.789,0.828,5,0.368,-6.259,0.0273,122.032,0.348,1
Darkest Hour,36I7pi5g6XZJm3bcgqmLyE,0.612,0.694,179520,0.359,0.738,9,0.137,-16.105,0.0408,125.077,0.348,1
Getting Away With Murder,3YQopTaSSgLSSuzYBZ9bLf,0.000115,0.544,191239,0.97,3.34E-05,1,0.238,-3.78,0.0532,103.909,0.349,1
Ring The Alarm - Stadiumx Remix,3LmiKN6q3OwFD3sV8rhkk2,0.00032,0.625,173333,0.994,0.0461,1,0.767,-1.689,0.0501,125.032,0.35,1
Prayer Of The Refugee,3wTyLh0vhP3dN5yv0Mti17,0.00131,0.198,199386,0.977,4.62E-05,3,0.23,-3.499,0.173,195.795,0.351,1
I Stand Alone,6pGJTJaExyKwwXBmcoyVlY,4.51E-05,0.211,243840,0.921,0,0,0.1,-4.468,0.0729,171.9,0.351,1
Expedition,2MlnLVsrTJmHmdpzJQcQ6w,0.00288,0.639,150947,0.974,0.596,7,0.349,-4.13,0.057,130,0.353,1
"Murder Song (5, 4, 3, 2, 1) - Acoustic",6MM22AtXB7I5gfTErMF0mJ,0.902,0.398,218666,0.0887,1.76E-06,9,0.0873,-13.683,0.0334,74.797,0.356,1
Never My Love,4zRkmGHVgGGnJMhemMXD6I,0.666,0.764,206584,0.245,0.787,8,0.0967,-16.201,0.0383,101.968,0.356,1
Anthem of Our Dying Day,4sPJgy0CksvmXp9jC0W4gv,0.0211,0.388,216026,0.8,0,9,0.212,-6.33,0.0783,194.744,0.357,1
Fields After Rain,3OjwAIOhan5AIGS2p6fJrt,0.973,0.474,176000,0.161,0.907,5,0.113,-20.952,0.043,82.892,0.357,1
Easily,2k9N4caeCIJLOWwWwssrEM,0.491,0.772,210240,0.256,0.00612,7,0.144,-8.545,0.0481,118.902,0.357,1
Ambre,0suQ6B8Bsp0tFuCXx652Az,0.992,0.391,227639,0.0576,0.947,10,0.117,-25.585,0.0342,145.569,0.359,1
Thirteen Thirty-Five,3N2vr4m44BBZiVCZ0O4bnf,0.786,0.67,223085,0.293,0,5,0.215,-10.56,0.0486,66.974,0.36,1
Bruises,4Of7rzpRpV1mWRbhp5rAqG,0.946,0.736,220492,0.308,0,4,0.186,-7.83,0.0677,111.202,0.361,1
The Dazzler,12oa6kHYN9FamPdcpSM54i,0.343,0.775,281567,0.218,0.00596,9,0.0866,-11,0.0461,133.036,0.361,1
Stay Home,5NRWr6U9kBI3NP7Hr7fyy8,0.992,0.234,176000,0.174,0.942,9,0.148,-21.752,0.0376,66.301,0.362,1
The A Team,2vBF8A6n0REigm7RSUM65S,0.678,0.626,258588,0.286,0,9,0.134,-9.933,0.0374,84.954,0.366,1
On My Way (feat. Jordan Kaahn),0kDTkI3VN3LEObv3v3ehhY,0.0188,0.661,218000,0.93,0.00146,7,0.0919,-4.208,0.0617,122.052,0.367,1
Dear Diary,5AqPW3fH2H4ORBYTVwfHep,0.587,0.474,216933,0.41,3.97E-06,7,0.114,-9.373,0.0644,125.085,0.37,1
Toxic,34ccBqL3xNaCzPxr0UqoEw,3.01E-05,0.555,200240,0.98,4.38E-05,8,0.0661,-6.063,0.154,143.005,0.37,1
Always,7kpa6MWRrPaF3b6C0DgioK,0.0122,0.363,231200,0.906,0,1,0.172,-4.415,0.0615,181.964,0.371,1
Humans (Let Me Love You),1IB1GFSTgmeecjscmAJ0lW,0.21,0.584,161048,0.835,1.49E-06,7,0.126,-3.663,0.0584,128.106,0.371,1
Swerve City,2OUR8g12h5qsGDs1v5lqvp,0.0001,0.457,164986,0.964,0.00811,10,0.67,-2.963,0.0656,111.972,0.372,1
Go With The Flow,45DElIx0dXqUH4A88yQFdE,0.0148,0.242,187120,0.992,0.113,4,0.833,-3.9,0.0988,159.37,0.374,1
Night Moves,6UBjSnyP1O5W5ndJoO9vUk,0.432,0.705,324422,0.743,0.0133,1,0.103,-6.631,0.042,118.552,0.374,1
Wish You Were Here - 2011 Remastered Version,1wHSxWBfPr3GO31y8KGrWe,0.735,0.481,334743,0.262,0.0114,7,0.832,-15.73,0.0414,122.883,0.375,1
Let's Go Crazy,0QeI79sp1vS8L3JgpEO7mD,0.0192,0.309,280000,0.93,0.0022,11,0.106,-6.399,0.125,195.815,0.376,1
I Took A Pill In Ibiza,1PiKcVhlmHPvL7IPjx9dJk,0.618,0.636,280800,0.319,1.70E-06,10,0.125,-10.065,0.0718,74.109,0.378,1
Good Vibrations - Remastered,2oF7FZHIJbzjeEXZ3D0Ku4,0.387,0.403,217746,0.495,8.03E-06,10,0.147,-6.888,0.0312,132.912,0.38,1
Trastevere,3rRL23xxAPJ75K3wGBKZIO,0.886,0.42,167613,0.272,0.834,4,0.0841,-14.843,0.0423,180.031,0.38,1
Dancing With Your Ghost,1TQXIltqoZ5XXyfCbAeSQQ,0.761,0.629,197732,0.327,2.96E-05,11,0.103,-8.285,0.029,74.953,0.381,1
Our Lady of Sorrows,46mPWQpvSFkXrr5nWoWW74,0.00099,0.271,125626,0.931,0,1,0.182,-6.81,0.0785,142.407,0.382,1
Shimmer,6DzbmjkVZpz1mrDobAoJI8,0.00192,0.263,213948,0.784,0,7,0.15,-6.514,0.054,114.671,0.385,1
Hunter,2NRZo1Y3T6UaVCz1i8dMqm,0.316,0.439,251693,0.454,0.000696,5,0.0901,-8.251,0.028,97.97,0.388,1
You Are Safe With Me,4t2XUVB63KvQWeAlAaaqAz,0.99,0.392,86125,0.039,0.949,9,0.1,-27.643,0.0312,99.731,0.389,1
La Luz,6iQ6AKHlGjQTrpZIqfOtyK,0.0463,0.559,303120,0.441,0.763,7,0.115,-13.862,0.0398,94.014,0.389,1
Someone New,2GkPTpFLY0NG8jrAHPoSnn,0.00297,0.655,182812,0.794,1.34E-05,6,0.1,-5.29,0.0765,127.957,0.389,1
Suds & Soda,0MaUnKwsHKRj4qjLDuBG66,8.51E-05,0.149,314200,0.79,0.000248,4,0.0903,-7.93,0.052,170.289,0.39,1
Valse Lente,6eTQcsb7NrdgPIZAHchT9k,0.996,0.366,145807,0.0518,0.909,3,0.179,-26.901,0.0402,182.774,0.39,1
Afterlife,4QdwsME04RG25KPHcPYoox,0.000444,0.492,351560,0.95,6.22E-05,2,0.22,-4.195,0.076,110.027,0.391,1
3 Corny Fuck,5YlHgqWo3Kt2mF88ubmR62,0.835,0.604,220520,0.179,0,2,0.162,-15.383,0.0339,124.982,0.391,1
Nowhere Kids,08EI81e55Lcqg2ZelJOXcG,0.000106,0.511,248413,0.914,0.00097,8,0.195,-5.31,0.0457,99.011,0.393,1
Here Comes The Sun - Remastered 2009,6dGnYIeXmHdcikdzNNDMm2,0.0339,0.557,185733,0.54,0.00248,9,0.179,-10.484,0.0347,129.171,0.394,1
"Welcome Home, Son",13PUJCvdTSCT1dn70tlGdm,0.743,0.601,285320,0.537,0.732,6,0.143,-9.464,0.0296,144.994,0.394,1
Enemy,3eqyYjMYUHGlmtCP4C4iSX,0.000181,0.572,183400,0.99,0.000295,1,0.118,-1.992,0.066,106.912,0.397,1
The Hunger,7AaSbMyCeUxcGsvCmzmfEJ,0.0402,0.436,299000,0.753,0.0204,4,0.148,-9.76,0.0359,89.968,0.399,1
Orbits,6jFX2sHOzh7tpIIOomlrqJ,0.855,0.438,204827,0.404,0.881,6,0.11,-13.924,0.039,116.142,0.4,1
Last Time,7v3tuzPub1Qd490tiVddwF,0.111,0.628,202480,0.587,0,7,0.156,-5.195,0.0441,140.01,0.4,1
Holy Water,7Ga9ZSdPAcQXQvd1ObVFpm,0.0653,0.587,176657,0.734,0.000571,9,0.398,-4.558,0.0407,125.848,0.401,1
Follow me,7d44sL4znFm5HZ6ltUVqbI,0.995,0.475,204624,0.109,0.948,2,0.127,-29.839,0.0303,99.008,0.405,1
Take Everything,2L93hpsnJ8scBHIQFZzh1b,0.0234,0.506,212238,0.823,0.000916,6,0.303,-5.272,0.0424,133.954,0.405,1
Better Than Today,6MLHg35rlksBc5OBcdZvJi,0.736,0.387,230353,0.234,0,0,0.084,-8.861,0.0373,78.65,0.408,1
Listening,528rajP3OyhornDwrsQrt4,0.000121,0.475,166226,0.907,0,0,0.034,-5.064,0.0941,92.578,0.408,1
Green Street,4kjbflfFCcNWkBGWvYBSxz,0.978,0.373,133125,0.191,0.944,7,0.0737,-24.099,0.0302,96.682,0.411,1
Uprising,4VqPOruhp5EdPBeR92t6lQ,0.000202,0.602,304840,0.905,0.064,2,0.117,-4.046,0.0775,128.019,0.411,1
Need You - Ed. & Gustav Munk Remix,4cLXtRF6cIFGcuid2OLyUU,0.00352,0.656,200880,0.723,0,7,0.345,-7.693,0.0366,125.005,0.412,1
Thank You for the Venom,0BpKPyXhWsTaWkgXeOd1Sn,0.00237,0.486,221093,0.977,0,7,0.298,-3.463,0.0603,103.501,0.413,1
Lorelei,1MwGbyzRmPXWABLIdW8tzG,0.000158,0.387,223573,0.669,0.423,0,0.166,-11.187,0.0395,90.995,0.414,1
Mykki,1Lq9ieTRd9TtXXBh5y63E6,0.336,0.665,250373,0.56,0.0857,7,0.327,-7.301,0.0667,98.015,0.414,1
Do Bad Well (feat. Nevve),7zHrHnVSQwI95FGHewXDl8,0.0512,0.604,204374,0.894,0.000315,5,0.234,-4.755,0.113,127.964,0.415,1
Viva La Vida,5S6pYZD8WH3OQapDHTDM9M,0.0941,0.485,242373,0.619,3.31E-06,5,0.109,-7.115,0.0289,138.017,0.416,1
Little Talks,2ihCaVdNZmnHZWt0fvAM7B,0.0206,0.457,266600,0.757,0,1,0.146,-5.177,0.032,102.961,0.417,1
Fly - King Britt's Fhloston Paradigm Remix,69VbrwGah98lR7iuXkrk7e,0.521,0.614,448426,0.498,0.855,10,0.136,-14.325,0.0466,120.003,0.418,1
Streets,265poZGWCyWo6h5tq7kiA6,0.000874,0.376,185358,0.771,8.98E-06,6,0.274,-5.8,0.0422,168.154,0.419,1
Handful Of Redemption,3ekjqtjoDwy5YLuGtKoXDO,0.00022,0.508,240253,0.947,0.0315,3,0.0784,-3.684,0.0531,163.731,0.419,1
Renee's Song,13iMiwdY7pgE1f7NwYKr1D,0.794,0.593,130545,0.229,0,9,0.167,-8.888,0.0307,117.823,0.42,1
Stupify,54cWVWqgyFukgDKQYmaKM3,0.00108,0.597,274000,0.939,9.77E-05,1,0.201,-3.001,0.0446,98,0.422,1
Highway to Hell,2zYzyRzz6pRmhPzyfMEC8s,0.061,0.574,208400,0.913,0.00158,6,0.156,-4.793,0.133,115.728,0.423,1
The Good in Goodbye (Alternate Version),4IUfRZY8k9MHRsStnjMTUb,0.59,0.709,249576,0.299,0.00292,0,0.111,-9.001,0.0297,112.984,0.423,1
Dreams Tonite,0DRvClQbN9znQ295sx76VC,0.0108,0.511,196026,0.622,4.51E-06,2,0.127,-5.727,0.0242,99.934,0.425,1
Bottom Of The Sea,5OTdNMpl1EPr3tOLyyRIc3,0.00681,0.775,242213,0.66,0.171,0,0.22,-7.929,0.0444,126.022,0.425,1
Points of Authority,04mlpyRplis2yvf18EwaeN,0.03,0.512,200240,0.97,0,8,0.0994,-3.886,0.212,94.952,0.427,1
Consequences,7sTtHHrD0zDpmzQzH3zegz,0.889,0.455,178466,0.292,0,0,0.106,-6.792,0.0563,84.339,0.43,1
Crystal Baller - 2006 Remaster,0uESMJnrEKYnZoRbNTvmpB,0.0142,0.379,255760,0.695,1.13E-05,0,0.196,-5.922,0.0705,193.672,0.432,1
No Woman,1CLmFKW99S8eJrebO3GB04,0.893,0.581,237973,0.4,0.576,2,0.161,-8.739,0.0291,112.331,0.433,1
Stay,0Uon5NsSAkBDx69XYOaQ5P,0.883,0.618,177152,0.37,0,10,0.123,-10.5,0.0543,114.26,0.433,1
Moulain (Revisited 432hz),0zNqfg3MpUGku4T6h2Pmab,0.972,0.424,143000,0.323,0.904,9,0.103,-27.586,0.0287,133.382,0.436,1
Pressure,7f2d3p6nzGFR6874f0E7E7,0.00885,0.708,135585,0.863,0.366,9,0.285,-4.001,0.0606,127.981,0.437,1
Worlds Collide - Edison Cole Remix,3JqpIjrQfmW68YkpxXWPL4,0.0149,0.631,192413,0.862,6.23E-05,8,0.103,-4.114,0.0515,145.01,0.438,1
Recording 15,1vNfYCzcCJz0FY7MVVA9lM,0.956,0.552,242000,0.126,0.0153,11,0.109,-18.014,0.0306,92.441,0.439,1
Little Lion Man,1QTixxvaGxwe6GF8PBwAve,0.0244,0.515,247000,0.496,7.24E-06,5,0.0895,-8.018,0.0275,138.61,0.442,1
Nobody,46SWSNRB3oAAOu21Apj22z,0.776,0.877,212460,0.178,0.0193,3,0.107,-13.987,0.102,74.997,0.442,1
A Boy Brushed Red Living In Black And White,47IWLfIKOKhFnz1FUEUIkE,0.00171,0.419,268000,0.932,0,1,0.137,-3.604,0.106,169.881,0.445,1
We Wait,3QeaXGKRvt8cfHdrfdk5pL,0.654,0.387,221662,0.577,0.127,1,0.163,-8.259,0.0353,149.048,0.447,1
Count That - R3HAB Edit,1J1wnDwBjkFvDVOxNOLVjY,0.0957,0.686,125161,0.955,0.00621,1,0.0809,-3.665,0.113,123.978,0.447,1
Car Underwater,4CilIy3dA3P9Tq2NFqKEOX,0.014,0.435,228706,0.774,0,2,0.127,-5.052,0.0631,147.466,0.448,1
If You Think It's Love,3iiL6merNpFNX1bny9sfvM,0.807,0.432,203946,0.34,0,5,0.0864,-7.977,0.0824,135.172,0.449,1
Ghostride,6mnYXjuK0CDzqem4eR5JGU,0.511,0.664,126120,0.352,0.806,2,0.109,-9.426,0.0278,87.054,0.45,1
pass you by,4NVwMupCTfITPXetR5aozp,0.892,0.51,245945,0.355,0,11,0.133,-6.883,0.0287,141.796,0.453,1
My Favourite Game,4LpOPF5RXZhS1GLzclhyaT,0.000156,0.594,220413,0.766,0.00345,5,0.086,-7.598,0.0327,143.482,0.453,1
Dark Side of the Gym,1OdpIb0nzhDcqwkiYp0O1u,0.726,0.642,290093,0.475,0.786,2,0.12,-11.404,0.0294,103.955,0.453,1
You Can't Rely on My Love,6Nl2wvFyKjiyPKrhE4Rth1,0.0534,0.686,188571,0.775,9.39E-06,11,0.44,-7.247,0.185,126.013,0.454,1
Holding On,48H6uWuBYeeZUiXwb5f69K,0.000442,0.421,261240,0.935,0.000212,8,0.1,-5.153,0.0697,165.02,0.455,1
A Place for My Head,5rAxhWcgFng3s570sGO2F8,0.0144,0.603,184640,0.908,0,11,0.671,-5.254,0.184,133.063,0.457,1
Out Of Control,2Uk3uky365BBGidUpOtKvw,0.00161,0.443,162106,0.973,0,4,0.353,-4.386,0.133,157.872,0.458,1
Wonderwall,79RUMZfMNMpqZnswovvTqv,0.00214,0.412,258906,0.844,0,2,0.134,-5.613,0.037,174.452,0.459,1
Bottom of a Bottle,1XZrMIHtCVJPqK29Mzm44G,0.00236,0.537,221826,0.847,1.16E-06,6,0.0844,-5.208,0.0383,106.055,0.459,1
Romance,7Ky78y9gxAKlujRin3vzZf,0.884,0.716,403469,0.644,0.617,9,0.138,-12.444,0.0718,121.053,0.464,1
Savior,3asFGFY3uLjMDmML1p0tYm,0.0015,0.339,242280,0.931,0.000142,5,0.425,-3.425,0.062,112.548,0.467,1
Voices,47H4oc7Zkihwae7ST7F4zp,0.000116,0.589,191960,0.983,0.00211,10,0.0628,-2.521,0.121,110.007,0.469,1
Secrets,3PGYOWmCia5R4iLRnGHwyf,0.762,0.743,215714,0.748,6.25E-05,0,0.0939,-4.822,0.0519,126.086,0.476,1
Mr. Blue Sky,2RlgNHKcydI9sayD2Df2xp,0.652,0.388,303373,0.338,3.72E-06,10,0.248,-10.054,0.0328,177.784,0.477,1
Do It Again,5yzzy7Hevww3RDntQM5mG1,0.119,0.701,176129,0.95,0.00355,9,0.221,-3.026,0.0675,124.002,0.477,1
Without,4qguRyO5RJexa48AuRwkLZ,0.000357,0.523,209906,0.95,0,6,0.0944,-4.415,0.0467,99.231,0.479,1
"Lola - Live at Providence Civic Center, Providence, RI - September 1979",3JbE6e17yvNdPggjPDrCyO,0.153,0.488,287333,0.777,0.0312,9,0.825,-12.658,0.0894,81.437,0.481,1
Pain,59P1nrdEImkAKa1nyW9X2e,0.00387,0.523,330760,0.833,0.000339,7,0.0841,-4.374,0.0405,115.975,0.482,1
All These Things I Hate (Revolve Around Me),6hZkQjIQBY7HAj4nzLUvdx,0.0303,0.488,225440,0.879,0,6,0.288,-3.505,0.0514,94.003,0.483,1
She Kind of Looks Like You,6dZO9UMcM7c1YLDBpEHwED,0.632,0.9,204241,0.255,3.91E-05,6,0.0953,-12.664,0.221,94.978,0.483,1
White Lies,0BvlCuNiWLE78NiZCiUxM7,0.00797,0.336,208353,0.88,0,6,0.445,-5.675,0.0739,155.004,0.485,1
Wished,4wIBISN9EpHsQI90SbLhad,0.332,0.445,193074,0.536,0.0645,7,0.0576,-7.65,0.0261,172.15,0.486,1
i don't want to watch the world end with someone else,58qX77t2VWMWcycsh9zKLc,0.771,0.535,184505,0.359,0,2,0.111,-9.343,0.0607,154.163,0.488,1
Youth,1JDMO4EVPHtm0xXhJb2IjR,0.61,0.588,251626,0.477,0.00188,9,0.122,-12.71,0.0492,150.396,0.488,1
Under A Killing Moon,0XiivUyimrmkUyJkKiILPW,7.12E-06,0.414,161733,0.988,0.44,8,0.0709,-3.703,0.0786,184.995,0.489,1
Blackout,6yTnvHRhUuuaoxy4dHzLGo,0.00016,0.548,233266,0.864,0.00262,1,0.0354,-6.258,0.0557,95.569,0.5,1
Out of Control,13i7d4s5EkgOIDHdzM0R4w,0.0041,0.328,262253,0.799,6.29E-06,2,0.069,-5.992,0.0296,169.896,0.502,1
Bat Country,6irNz2hSXvd2QJG0vXyBFR,0.000248,0.541,311813,0.968,8.28E-06,0,0.423,-4.129,0.0396,125.04,0.505,1
White Lies - Guy Arthur Remix,1FoMWISq2KNqKappkrG5Yo,0.00428,0.656,210000,0.896,0.000137,9,0.192,-4.461,0.0936,128.026,0.506,1
We Are Your Friends - Justice Vs Simian,49ErwcBYfYRPNBdRuPvpYA,0.0104,0.615,262773,0.97,0.384,9,0.178,1.342,0.119,122.993,0.507,1
Virtual Insanity - Remastered,0dCr3qIupWh36ilLjRHi4P,0.13,0.651,228333,0.946,0,6,0.148,-4.717,0.101,91.911,0.508,1
Roses,6bUNEbXT7HovLW6BgPCBsb,0.0481,0.751,369573,0.708,1.83E-05,0,0.107,-5.645,0.0545,108.97,0.509,1
Click Click Boom,1LMVGL3030W3mGmRrd2hCm,0.00259,0.607,252400,0.935,0.000221,6,0.195,-2.918,0.0506,95.97,0.51,1
Same Direction,7p5HBV5kqLgw0vK0lQ7eXM,0.00492,0.401,195293,0.988,0,2,0.4,-3.308,0.0916,169.024,0.514,1
Friday I'm In Love,4QlzkaRHtU8gAdwqjWmO8n,0.00126,0.526,215160,0.763,6.75E-05,0,0.359,-12.663,0.0341,136.205,0.514,1
Still Waiting to Start,1yERtbTiF9fKGxaelyLJOA,0.639,0.615,183173,0.332,0,7,0.15,-10.161,0.0295,125.894,0.515,1
Game Time (feat. Ninja),229MM2St7SnW43nT8ADlG8,8.05E-05,0.534,156631,0.957,0.758,1,0.266,-4.025,0.0455,95.046,0.52,1
Pink Rupture,3L47u91Y7YIGPpLPBrulh0,0.00178,0.736,348907,0.356,0.704,4,0.0925,-8.676,0.0405,118.002,0.525,1
Never Be Lonely (feat. Envy Monroe),5vckEy9NZ6kirDU4UX4bVl,0.207,0.587,192000,0.85,0,11,0.64,-3.904,0.0654,127.914,0.528,1
Whiskey In The Jar,77gY3WsOnEsq9JOWgBmdLj,5.36E-06,0.511,304893,0.972,0.00101,10,0.19,-3.751,0.0413,132.97,0.532,1
Prelude in F,6CaQoqHFR0naK53v3jNGUT,0.968,0.461,109000,0.272,0.946,8,0.113,-24.315,0.0363,122.731,0.533,1
Flex,43p1IlKF0PBgwkqzS2EdCk,0.017,0.609,155546,0.912,0.0335,0,0.44,-3.823,0.0486,128,0.533,1
All or Nothing (feat. Axel Ehnström) - Deluxe Mix,15bAMg00o4VdWmQrlkbfG3,0.226,0.737,170458,0.816,0.453,4,0.621,-9.22,0.0411,124.014,0.533,1
"Honey, This Mirror Isn't Big Enough for the Two of Us",5gNVTfD1L6QrPgOf0wFo0q,0.000328,0.383,231096,0.946,1.13E-06,1,0.0537,-8.122,0.0789,108.591,0.534,1
Silhouette,4riNlzZh1Xd4xqbIWy7zfM,0.173,0.445,233546,0.469,0.000624,8,0.0998,-5.981,0.0291,178.052,0.535,1
Paperthin Hymn,6VSmHLLvYAAkzrYFT3LloU,0.00111,0.298,197480,0.597,0,5,0.0819,-12.107,0.0343,180.434,0.536,2
The Wall,0Qp1IH1EkRCNabfgzxNMUT,0.00953,0.682,159500,0.91,0.0673,11,0.0732,-2.314,0.0431,122.943,0.536,2
Faces,2G7cxwbFSMneFgTMdnvICw,3.44E-05,0.368,205706,0.967,3.44E-05,2,0.317,-3.464,0.0566,194.982,0.537,2
Are You Gonna Be My Girl,305WCRhhS10XUcH6AEwZk6,0.00148,0.613,213800,0.953,0.000582,2,0.152,-3.435,0.0855,105.046,0.537,2
One Step Closer,61fUybL3XS40gcffnnNPoX,0.0014,0.492,157333,0.969,1.32E-06,9,0.0787,-4.419,0.0491,95.136,0.538,2
Love Is A Losing Game,4IMBnBRqm9RALmLrRqfMor,0.317,0.48,154160,0.561,0.00641,0,0.184,-5.874,0.027,164.791,0.541,2
Pass The Hours,4EVpdoFt3L6sAa4hivmWz9,0.179,0.778,223440,0.639,0.000934,6,0.322,-5.985,0.0292,119.977,0.543,2
"Ma mère l'oye, M.60 - For Piano Duet, M.60: 1. Pavane de la Belle au bois dormant",534nbCFk48DR1UQt2XlxSx,0.995,0.517,82880,0.0145,0.884,0,0.0719,-42.018,0.0615,62.122,0.549,2
The Hardest Button To Button,5vVwPth7ccUHil5wsUG7ky,0.0097,0.692,212426,0.515,0.292,4,0.103,-8.488,0.0678,128.469,0.549,2
Body Rock,3wcaYUOKVSEbmmGB43YGqf,0.00919,0.627,158212,0.944,0.00311,5,0.444,-4.459,0.344,126.078,0.551,2
Coming Undone,261QAU5PAmYYv0KPr0vc49,0.000855,0.696,199773,0.677,0.000247,2,0.0646,-4.178,0.0554,150.125,0.551,2
Such Great Heights,7vcuTZAFyu0Z5dgMRLR0h0,0.808,0.61,251280,0.275,0.913,6,0.403,-10.644,0.028,94.088,0.552,2
The Hell Song,2iyriVrfEXWD7YRfPqub7l,0.000135,0.343,199493,0.956,0.00165,8,0.143,-5.073,0.0739,173.325,0.553,2
A La Plage,79NmiFAgcXUIVDGfCWDdWF,0.994,0.504,141888,0.0584,0.956,5,0.115,-20.461,0.0516,134.209,0.553,2
Emotions in Motion,4UmpEQtTlhBOxDPePaK8qR,0.199,0.651,256906,0.503,0.644,0,0.0781,-10.906,0.0323,133.044,0.558,2
"Steady, As She Goes",2VAlwOewe5c40VHyqozF1V,0.00865,0.534,215266,0.605,0.00826,9,0.0781,-4.366,0.113,123.003,0.56,2
Lift Me Up (feat. Carla Monroe),0vK80mtYypq4dAwQelZ2Dh,0.0426,0.579,177120,0.784,0.0235,5,0.317,-4.686,0.0659,125.122,0.562,2
Winter Scenery,2F4iGuSSSRWpYCeWN4SoRr,0.993,0.79,171283,0.179,0.965,11,0.102,-25.43,0.0853,80.993,0.562,2
Count On You - ATFC's C-thru Remix,7GL2SOvJXs8QVLX0cUADeq,0.00735,0.825,235594,0.925,0.808,4,0.057,-7.502,0.0463,123.025,0.567,2
Kinky Living,4eMoWR7Lughvru6Rn97uPi,0.709,0.526,285000,0.493,0.606,2,0.0993,-9.728,0.0428,154.071,0.574,2
Electronic Memories (feat. Mickey Kojak),2viJufnGlsjR1X51CEHpeg,0.0992,0.602,237346,0.926,0.0449,5,0.241,-1.62,0.0897,100.014,0.574,2
You're My Best Friend - Remastered 2011,4vEXJ6NvEwS8ptynkNswaa,0.158,0.518,170800,0.761,0.00765,0,0.0715,-7.025,0.0452,118.738,0.576,2
The Hummingbird,60Rodg2E5ghUbYBrBFr0TA,2.27E-05,0.478,221000,0.901,0.0801,9,0.326,-4.983,0.0334,94.964,0.577,2
Algo Rhythm,0PqJ7LSknltqqMNqPDClNA,1.19E-05,0.402,210626,0.75,0.959,2,0.122,-7.358,0.0293,149.941,0.58,2
A Little Less Conversation - JXL Radio Edit Remix,4l2hnfUx0esSbITQa7iJt0,0.000155,0.586,211173,0.935,0.277,4,0.159,-9.386,0.0482,114.997,0.58,2
Spirit In The Sky,7fqhrLJzKHJ0RW32N0y2Gp,0.0939,0.537,242893,0.606,0.00559,2,0.11,-7.048,0.0347,128.73,0.582,2
All in the Suit That You Wear,17Nk1aji6gd26vabky7fMi,1.94E-05,0.429,219573,0.982,0.0185,2,0.312,-2.962,0.0617,122.881,0.583,2
Bleed American,61XspFITuKmAlYdQacNCbF,0.00842,0.438,181493,0.938,1.08E-06,6,0.806,-5.611,0.094,160.212,0.584,2
Somewhere Only We Know,1EwyAL8SdJpIX0M9b1ArAp,0.84,0.472,193750,0.305,0,8,0.142,-11.465,0.0295,165.9,0.584,2
99 Luftballons,6HA97v4wEGQ5TUClRM0XLc,0.089,0.466,233000,0.438,5.62E-06,4,0.113,-12.858,0.0608,193.1,0.587,2
2 Together,1JO1xLtVc8mWhIoE3YaCL0,0.55,0.584,176293,0.367,1.38E-05,6,0.0818,-9.638,0.0328,120.175,0.588,2
Back Where I Belong (feat. Avicii),78W8wiUIlQ2SnWY9TVowKZ,0.0306,0.497,174202,0.865,0.0679,0,0.443,-3.19,0.0644,125.96,0.595,2
Watersong,60kgQtJNMGRaFfzwy18XUY,0.809,0.656,231506,0.102,0.788,4,0.0874,-20.337,0.0373,118.373,0.595,2
California Dreamin',63rva3TBizr6x1Yp5uwKfD,0.628,0.554,157960,0.667,0,1,0.0486,-10.226,0.0342,112.749,0.597,2
Simple Song,70HWRkitkAKfos500LBk0T,0.616,0.631,228480,0.402,0.0114,5,0.0892,-11.125,0.0286,78,0.598,2
Outside,7Cx3kiPstZOSKAqTe3LtEi,0.0925,0.637,238020,0.613,0.425,1,0.156,-7.432,0.0272,127.006,0.598,2
Beautiful Night,4zhRVs7eqgdroy5E3kKEs2,0.000508,0.531,259529,0.892,0.024,7,0.144,-4.54,0.0582,130.133,0.599,2
Don't Stop Me Now - 2011 Mix,7hQJA50XrCWABAu5v6QZ4i,0.0472,0.563,209413,0.865,0.000191,5,0.77,-5.277,0.16,156.271,0.601,2
Chocolate,4WiiRw2PHMNQE0ad6y6GdD,0.000532,0.614,224673,0.938,0,11,0.368,-4.461,0.0611,100.058,0.607,2
comethru,18uwL0vNUanqZH0ro2QcOP,0.607,0.795,181613,0.178,0,0,0.623,-11.991,0.0574,93.982,0.608,2
Dragula,6Nm8h73ycDG2saCnZV8poF,8.74E-05,0.591,222826,0.963,0.000107,0,0.0781,-6.489,0.0531,125.03,0.609,2
Butterfly,4BggEwLhGfrbrl7JBhC8EC,0.00132,0.736,216733,0.811,0.000142,9,0.107,-4.17,0.081,103.502,0.609,2
"You're Gonna Go Far, Kid",7oypoJJHZOALqQlGKpTefk,0.00485,0.547,178333,0.877,0,9,0.247,-5.135,0.0658,126.083,0.611,2
Rusted From the Rain,0tzWCL2uhb2xQDWgG259nU,0.000481,0.431,254613,0.858,7.65E-06,7,0.385,-3.533,0.0306,174.979,0.616,2
Heavy,3vqt0fEt6I52ANHu7mAlIP,0.000919,0.535,177213,0.854,0.00149,1,0.0676,-6.519,0.0368,106.929,0.618,2
The Safety Dance,5O4NFbDqJ8SOfbjnIhdPDt,0.0252,0.524,164866,0.881,0,5,0.101,-4.479,0.0468,101.677,0.62,2
Feeling This,26AYR77170U49cMcXB7aRV,0.103,0.411,172645,0.962,0,4,0.529,-5.952,0.0917,173.143,0.622,2
Hash Pipe,2mPMFJvQ0v27gVqe5b6nDn,0.000121,0.578,186533,0.882,0.479,7,0.284,-6.354,0.044,125.603,0.623,2
Just the Two of Us (feat. Bill Withers),1ko2lVN0vKGUl9zrU0qSlT,0.576,0.803,237106,0.488,0.0609,1,0.0763,-9.303,0.0803,95.771,0.624,2
Tubthumping,6dL46HEj2hzaSach8EFyCi,0.118,0.319,279226,0.881,0,2,0.364,-7.244,0.14,206.941,0.625,2
1999,2H7PHVdQ3mXqEHXcvclTB0,0.137,0.866,379266,0.73,0,5,0.0843,-8.201,0.0767,118.523,0.625,2
Teenage Dirtbag,25FTMokYEbEWHEdss5JLZS,0.346,0.625,241666,0.85,0.000233,4,0.174,-3.904,0.0495,94.661,0.633,2
Edge of Seventeen,2id8E4WvczfKHB4LHI7Np3,0.277,0.59,329680,0.828,5.57E-06,0,0.0868,-6.28,0.0439,111.353,0.636,2
I Would Die 4 U,6fBwVe6udYdnRqwqo06if8,0.0862,0.731,178986,0.75,0.000388,2,0.202,-10.457,0.0321,135.406,0.639,2
Crazy,1vxw6aYJls2oq3gW0DujAo,0.0505,0.855,177466,0.587,0.00714,8,0.105,-4.589,0.0336,111.97,0.64,2
Dancing Through Sunday,4O5GKVbnQ8U9BxYWu0hIug,0.00291,0.555,146666,0.98,0,3,0.279,-2.849,0.0947,114.078,0.643,2
Vagabond,5gDZbPycrRPF5mC4voMg89,0.0888,0.545,301960,0.788,0.0258,11,0.0765,-3.968,0.0281,129.922,0.647,2
I Don't Know (feat. Samuel T. Herring),2rx8InAMTVDeZdkLUWHDmA,0.24,0.389,256040,0.52,0.00467,0,0.337,-8.114,0.0332,134.329,0.654,2
Supermarket,2K1OMOjqHBoJf3NT4J6meQ,0.812,0.588,224727,0.352,0.0564,10,0.126,-9.624,0.0403,146.718,0.655,2
Better Together,4VywXu6umkIQ2OS0m1I79y,0.308,0.868,207680,0.347,2.00E-05,5,0.11,-9.529,0.0536,110.059,0.659,2
Inside the Fire,1xHcapGIorRGVlBnWE7X4N,0.000233,0.463,231573,0.962,0.109,7,0.0906,-6.43,0.0704,94.003,0.66,2
Killing In The Name,59WN2psjkt1tyaxjspN8fp,0.0266,0.466,313573,0.833,0,7,0.0327,-4.215,0.304,88.785,0.661,2
Papercut,1Vej0qeQ3ioKwpI6FUbRv1,0.00022,0.524,184866,0.939,0,9,0.623,-3.994,0.113,150.184,0.661,2
Break Stuff,1rJ1xX2XBC8nesYapeO6Av,0.0108,0.45,166706,0.877,0.000643,8,0.112,-6.676,0.156,108.501,0.663,2
Waiting On the World to Change,5imShWWzwqfAJ9gXFpGAQh,0.159,0.577,201173,0.756,0.000232,2,0.249,-5.82,0.115,176.75,0.663,2
Poem,7mQwxVogsnpR3h6AJLQLlR,0.000104,0.364,189200,0.912,0.0025,7,0.086,-2.968,0.107,105.368,0.666,2
Daar Gaat Ze,7kMPC3vgXk3o9xUP3GWAJ0,0.78,0.639,227906,0.492,0,5,0.117,-8.497,0.0288,87.033,0.666,2
Kiss You All Over - Single Edit,1wHkIswzW9zGCOLDBYbHFL,0.0578,0.696,240383,0.824,8.56E-06,0,0.158,-5.67,0.0538,126.023,0.667,2
Indigo,2qoKkOBw3dAd8AlITOQ2Ca,0.488,0.503,196589,0.504,1.59E-06,0,0.122,-6.843,0.416,85.39,0.67,2
No One Knows,0melIwOKh1JH4RjI1Is10w,0.0329,0.509,278653,0.583,0.000124,0,0.359,-4.902,0.0615,170.886,0.67,2
Like The Way I Do,38TXeCvUUqf3PeoPvnERV6,0.0213,0.591,324760,0.931,0,2,0.122,-4.84,0.0557,101.551,0.673,2
Out Of Control - Pat Vocal Mix,6wCsrMyI3DavGvodBx8A7h,0.00875,0.864,193548,0.742,0.394,1,0.41,-6.117,0.043,124.009,0.689,2
Lovely Day,0ACACkoHUwgfgY5CxVIL4N,0.194,0.693,255066,0.565,0.000175,9,0.0806,-12.583,0.0345,97.937,0.692,2
Groovin,3ktUAf5M4HiCt6n7Zb323H,0.0447,0.845,267152,0.744,0.343,10,0.13,-9.539,0.0567,126,0.694,2
Crawling In The Dark,1eK4KsyjAzr2xJ86Tj5SWa,0.000295,0.592,175026,0.932,7.59E-05,6,0.138,-4.491,0.0885,93.675,0.698,2
Into Black,5d8pKJxoDlYX2SoFR6RCsm,0.463,0.705,208237,0.681,0.839,9,0.123,-8.278,0.0258,114.003,0.707,2
There For You,4Qv71lFPCObf7zol1uWCJb,0.00529,0.533,186493,0.844,8.91E-05,11,0.0722,-5.04,0.0302,123.971,0.712,2
Promise,5mqEL5pgnDCcWtTWpAofIV,0.00791,0.62,176506,0.85,0,9,0.0769,-4.096,0.0327,107.982,0.715,2
Rylan,18IyalmZGqUTwvZStMf7A1,0.403,0.609,223853,0.789,0.0811,11,0.0446,-5.565,0.0468,144.047,0.717,2
War,3h1in20DlO5KaSP1vLED90,0.079,0.641,176652,0.806,0.00158,8,0.0708,-6.281,0.0323,125.987,0.721,2
Gasoline,4e7yuouxvWPbK1q2kVlgz8,4.65E-05,0.478,168560,0.942,0.0336,1,0.061,-2.71,0.08,173.515,0.726,2
Mr. Jones,5DiXcVovI0FcY2s0icWWUu,0.183,0.578,272293,0.817,3.06E-06,0,0.285,-6.542,0.0363,141.621,0.726,2
2 Ending,1qv9TWDpXh50DPLgWD4bnH,0.0973,0.635,218466,0.808,0,9,0.141,-5.026,0.0262,131.377,0.726,2
Still Alive,3Y6wj6dRP3QmgXeV2zCzbn,0.3,0.65,141951,0.912,0.668,11,0.306,-4.278,0.055,126.073,0.729,2
Dani California,10Nmj3JCNoMeBQ87uw5j8k,0.0193,0.556,282160,0.913,8.59E-06,0,0.346,-2.36,0.0437,96.184,0.73,2
Crazy Horses,6LqbJXriVJyqJCd9jYoPqP,0.215,0.512,153173,0.977,0,2,0.343,-4.505,0.0671,120.165,0.731,2
Africa,2374M0fQpWi3dLnB54qaLX,0.257,0.671,295893,0.373,7.95E-05,9,0.0481,-18.064,0.0323,92.717,0.732,2
Smile,79z9QkhHePTFsSeVw9uyj0,0.00143,0.632,196893,0.639,0,5,0.221,-5.938,0.0259,95.506,0.733,2
My Own Worst Enemy,33iv3wnGMrrDugd7GBso1z,0.00129,0.494,169026,0.946,0,4,0.398,-2.757,0.0637,103.408,0.741,2
Up Against (Blackout),7dx3zyB8aQHd2LQm0u1lwS,0.000785,0.549,182533,0.876,0,6,0.288,-3.589,0.0404,146.549,0.741,2
Kiss,62LJFaYihsdVrrkgUOJC05,0.0135,0.898,226240,0.271,0.00138,7,0.0461,-12.238,0.091,111.485,0.742,2
You Get What You Give,32lF1rsInDTdK6Av3KdfaY,0.17,0.621,300773,0.901,0,2,0.0875,-5.396,0.0302,113.967,0.744,2
Send Me on My Way,6hs3SDnbO3f6VQuPO4KBEb,0.114,0.5,263333,0.681,4.01E-05,0,0.139,-9.556,0.0672,119.46,0.745,2
UFOF,0DZfBeJhOPyjhqoaTkE3kZ,0.638,0.623,188413,0.613,0.572,10,0.143,-9.241,0.0309,147.168,0.745,2
Somebody That I Used To Know,1qDrWA6lyx8cLECdZE7TV7,0.548,0.865,244884,0.521,0.000115,0,0.0989,-6.932,0.0371,129.059,0.748,2
Every Way,4xxyCh7xkK30LVBO81poif,0.019,0.879,166211,0.908,2.62E-06,11,0.309,-4.422,0.126,123.036,0.759,2
cry on airplanes,1elEZGOMFRU5n7bnOtUaqi,0.548,0.763,226000,0.372,0.000638,5,0.116,-7.07,0.0683,85.01,0.76,2
Bennie And The Jets - Remastered 2014,3iJxloILmOu2NIRZ0OGyui,0.251,0.666,322548,0.668,5.77E-06,0,0.499,-7.961,0.0523,132.666,0.765,2
Afraid of Heights,0P44AUPRzaIAHNWquN0fGR,0.000168,0.543,225680,0.991,1.31E-05,9,0.374,-2.78,0.0668,150.031,0.766,2
Renegades Of Funk,5YBVDvTSSSiqv7KZDeUlXA,0.00184,0.651,274160,0.908,0.000579,2,0.384,-4.019,0.0577,123.851,0.769,2
The Boys Are Back In Town,2iAq1y8jEVOQM6OA8L0XtO,0.242,0.319,266720,0.712,0.000414,8,0.294,-9.742,0.0535,78.114,0.773,2
Over My Head (Better Off Dead),3SO0vfryYv381w1ImgWONG,0.00222,0.44,149306,0.919,0.00503,7,0.0892,-4.462,0.0735,184.324,0.773,2
Everyday People,7lL2lMWNtzOcf5HnEudNgn,0.245,0.813,139506,0.619,0.0151,7,0.113,-8.203,0.0294,114.58,0.774,2
Clap Your Hands,18cST7DK31Ab2rTH1POP6A,0.000532,0.699,238466,0.87,0.0219,0,0.359,-4.925,0.0546,120.033,0.778,2
Cold Nights,1q3AoLCoawd8Gpm9wP7sHi,0.321,0.941,189813,0.421,9.34E-05,11,0.0967,-7.918,0.0583,107.011,0.787,2
The Joker,1bp2IO61zbQrbWNmKKxg3f,0.365,0.596,264503,0.448,5.30E-06,5,0.206,-9.616,0.0396,83.293,0.796,2
Like The First Time - House Mix,5ABnK6bOqbsIRVsrc1UBOt,0.00481,0.775,209000,0.876,0.0536,0,0.661,-9.58,0.0383,123.979,0.797,2
Me and Julio Down by the Schoolyard,6vxHp3CDNo0afgKGp2yi1E,0.237,0.626,164813,0.816,1.80E-06,9,0.104,-10.593,0.13,105.33,0.798,2
Ashes to Ashes,2lJa0SY7vZpvJ7QDFanOuZ,0.186,0.696,310226,0.871,0.0282,1,0.173,-6.482,0.0357,118.938,0.8,2
Get Up Offa That Thing,0nyrltZrQGAJMBZc1bYvuQ,0.225,0.883,250200,0.664,2.30E-06,4,0.941,-10.395,0.411,118.104,0.8,2
Come On Eileen,5uzNa0SBGOe5pPnstWHMCt,0.413,0.466,273720,0.615,0,0,0.343,-9.102,0.0492,108.016,0.812,2
Fire in Cairo,71Znjl8mUrHfSg38OQU8bb,0.379,0.587,209052,0.713,0.439,1,0.332,-8.858,0.0268,130.05,0.816,2
no song without you,3KKUf8F2hktFscLgbH4YwR,0.463,0.778,161536,0.462,0.583,0,0.11,-12.729,0.0359,105.45,0.817,2
Geno - 2000 Remaster,7gb626DDDHoiuVAGZEnlJk,0.688,0.481,207226,0.6,0.00633,6,0.963,-8.722,0.0801,124.637,0.818,2
Inside Of You,6okaxit4V1bU6yIVVsP836,0.000203,0.435,188800,0.884,0,2,0.0876,-3.468,0.0392,201.773,0.82,2
Fascination,4uqNn56KFQ7NtJ35xWZKvf,0.000285,0.491,181666,0.831,7.88E-05,6,0.0761,-5.321,0.0349,193.968,0.828,2
Only You,2ZaYFNn1YQuLSVdHhanr4Q,0.362,0.545,149013,0.255,1.77E-05,8,0.0841,-14.844,0.0311,98.088,0.831,2
Two Princes,4ePP9So5xRzspjLFVVbj90,0.00162,0.543,256733,0.912,2.10E-06,7,0.0565,-10.71,0.0601,103.731,0.836,2
Miss You - Remastered,5pTWpY8l7B1XcQnijEFGFj,0.443,0.795,288666,0.71,0.0215,9,0.344,-4.746,0.0392,109.689,0.845,2
Come Out And Play (Keep ‘Em Separated),0Yb5Kfpf3boElZNa61wPdJ,0.0535,0.476,197800,0.856,6.75E-06,7,0.0846,-3.764,0.161,158.671,0.847,2
Duck And Run,0s8OsDxW96cl290PcsI2mX,0.0149,0.524,230600,0.919,7.05E-05,4,0.131,-5.505,0.0436,87.931,0.848,2
To the Moon,65AABj5XsDcxGT92w3jK0o,0.356,0.703,170021,0.352,0.00378,4,0.0715,-14.859,0.0428,108.003,0.85,2
Should I Stay or Should I Go - Remastered,3v8PlUFGQQDBIk1J86waCo,0.0838,0.742,188240,0.844,0,2,0.418,-6.441,0.111,113.371,0.85,2
How Bizarre,6RT3PxDEQOa7m6tK502DNa,0.261,0.784,224053,0.675,1.40E-06,0,0.293,-7.718,0.049,124.908,0.854,2
Down On The Corner,4YMLW13PuuO7o3jkIWlKAs,0.594,0.831,166280,0.544,0.00389,0,0.0736,-9.288,0.0837,108.177,0.856,2
Get Lucky (feat. Pharrell Williams & Nile Rodgers) - Radio Edit,2Foc5Q5nqNiosCNqttzHof,0.0426,0.794,248413,0.811,1.07E-06,6,0.101,-8.966,0.038,116.047,0.862,2
Superstition,4dwrL3Z5U2RZ6MZiKE2PgL,0.0182,0.648,244826,0.751,0.000401,8,0.0418,-8.582,0.0806,100.437,0.863,2
Lonely Boy,6wGMLoEqD2k3RBXFHD0yUp,0.0386,0.588,264893,0.598,5.83E-05,9,0.107,-13.288,0.0296,123.724,0.866,2
I Was Made For Lovin' You,2ZSCy3P1QzpJySCWA6NRIU,0.213,0.768,271240,0.852,7.45E-05,4,0.0723,-6.215,0.038,128.374,0.867,2
Message In A Bottle - Remastered 2003,3bN4tg6rnNPy9GCkGhym4T,0.0338,0.577,290280,0.808,1.33E-05,1,0.221,-7.04,0.039,151.008,0.869,2
Smooth Criminal,2T3blUc9Jnui2a0ZhuNOag,0.00287,0.653,209266,0.966,0.0026,9,0.143,-4.236,0.0598,126.921,0.874,2
Polyamorous,1OvDGGu8KDbchlJTlM48Mr,0.000132,0.544,176946,0.895,0.107,1,0.147,-6.207,0.0522,98.128,0.875,2
Take on Me,2WfaOiMkCvy7F5fcp2zZ8L,0.018,0.573,225280,0.902,0.00125,6,0.0928,-7.638,0.054,84.412,0.876,2
Don't Stop,4SXU3lUZ1eb4JWWbkQw43Y,0.0398,0.686,192133,0.632,2.20E-06,9,0.0686,-11.433,0.0353,118.965,0.88,2
Paralyzer,6k1njNBYUIQgWJLG4ed26y,0.159,0.646,208106,0.938,0,11,0.235,-3.453,0.0448,106.029,0.888,2
Good Times,0G3fbPbE1vGeABDEZF0jeG,0.149,0.87,495400,0.657,0.0102,2,0.053,-7.32,0.0522,110.596,0.893,2
My Sharona,1HOMkjp0nHMaTnfAkslCQj,0.0589,0.586,295400,0.7,0.00125,0,0.0318,-9.558,0.0363,147.245,0.897,2
It's Goin' Down (feat. Mike Shinoda & Mr. Hahn),6Xb5klX1nnSUxoh2AyZd54,0.00165,0.674,248573,0.89,0.0136,8,0.0465,-3.953,0.274,104.862,0.9,2
Just Can't Get Enough - Live in Hammersmith,5LAdBsIfjzAsusjc6WSLmH,0.0082,0.653,335466,0.975,0.5,0,0.678,-9.071,0.0409,126.919,0.911,2
Listen to the Music,7Ar4G7Ci11gpt6sfH9Cgz5,0.221,0.645,227266,0.598,3.53E-06,1,0.0721,-13.18,0.0335,105.929,0.913,2
Don't You (Forget About Me) - Remastered,0A4PZuepTcIQVvA5m7R0M1,0.00398,0.602,263973,0.784,0.0852,11,0.0931,-7.976,0.0313,133.019,0.918,2
What I Like About You,6NdcSEhpGGAYXNnnhGS2s6,0.319,0.542,175400,0.915,5.34E-05,9,0.171,-9.637,0.0549,159.81,0.92,2
Groove Is in the Heart,2UVLuddklEVak5PXgC7baA,0.0153,0.694,231786,0.881,0.0196,1,0.0851,-4.053,0.0701,121.554,0.924,2
Dance Little Sister,4o9Kj7onklt6xbYl3jVArp,0.161,0.722,234640,0.696,0,2,0.0755,-11.095,0.0901,115.397,0.93,2
Easy Lover,7INi4pMPG4IE0Smx5y4KVf,0.0674,0.749,304506,0.699,0.00192,1,0.0763,-13.108,0.0371,128.904,0.935,2
Twist And Shout - Remastered 2009,5ZBeML7Lf3FMEVviTyvi8l,0.641,0.482,155226,0.849,7.74E-06,2,0.0414,-9.198,0.0452,124.631,0.937,2
Brimful of Asha - Norman Cook Remix,5BegkNkGXa6TUobnxy5LFL,0.18,0.663,238933,0.957,0,11,0.348,-2.823,0.0584,125.678,0.937,2
Wrong Way,6uUqBB6wXrcIJWssTRfIYE,0.0655,0.663,136360,0.671,0,9,0.107,-6.103,0.0395,74.453,0.955,2
Late in the Evening,2h23bjG8B3bcD47HBu6bHG,0.199,0.72,242706,0.88,0.0246,5,0.0865,-8.988,0.0406,118.623,0.961,2
Stuck In The Middle With You,1b7LMtXCXGc2EwOIplI35z,0.0934,0.795,203893,0.564,0.000531,7,0.0631,-10.482,0.0392,124.166,0.961,2
Every Kinda People,5jkUfQV3wlplyoz0PUja09,0.248,0.631,199200,0.547,0.000119,6,0.0523,-12.626,0.036,94.533,0.962,2
Why Can't We Be Friends?,413T0g8pNNXYX6t5RqHvx7,0.19,0.776,230066,0.714,0,10,0.506,-9.044,0.0388,92.448,0.962,2
Pumped Up Kicks,7w87IxuO7BDcJ3YUqCyMTT,0.145,0.733,239600,0.71,0.115,5,0.0956,-5.849,0.0292,127.975,0.965,2
Teardrops - Single Version,5HiKQLlJ3LAuz8J9yHB0HX,0.037,0.879,230573,0.693,0.119,11,0.18,-10.577,0.046,133.231,0.966,2
Kiss On My List - Remastered,3Jrf9MHZZWx3cXBeMkZWUu,0.138,0.806,261200,0.847,0.00157,0,0.067,-4.47,0.0319,121.718,0.97,2
Start Me Up - Remastered,7HKez549fwJQDzx3zLjHKC,0.0436,0.631,213066,0.932,0.137,5,0.0918,-4.142,0.0354,122.429,0.971,2
Driver's Seat,0fJFBbpUxTwjhh1ScBQjeX,0.0186,0.754,240746,0.804,0.0604,11,0.207,-7.189,0.0368,132.967,0.972,2
Talking In Your Sleep,7fRvtXvJMpGfTLdF0M09a1,0.0289,0.72,235093,0.967,0.000345,9,0.142,-4.434,0.0343,129.766,0.977,2
